"panel","variant","measure","status","n","term","comparison","diff","lwr","upr","p_adj"
"hemogram","CENTRE_A","EPO..mlU.ml.","ok",28,"Genotype","JAK2 V617F-CNTRL",9.1,-12.9336491098161,31.1336491098161,0.824475890171499
"hemogram","CENTRE_A","EPO..mlU.ml.","ok",28,"Genotype","CALR Type I-CNTRL",11.75,-15.7307886497762,39.2307886497762,0.800988723125383
"hemogram","CENTRE_A","EPO..mlU.ml.","ok",28,"Genotype","CALR Type II-CNTRL",18.55,-21.6777554719997,58.7777554719997,0.742357481606875
"hemogram","CENTRE_A","EPO..mlU.ml.","ok",28,"Genotype","MPL W515-CNTRL",-0.0499999999999954,-40.2777554719997,40.1777554719997,1
"hemogram","CENTRE_A","EPO..mlU.ml.","ok",28,"Genotype","TN-CNTRL",8.69285714285714,-13.8593017107015,31.2450159964158,0.865024188239442
"hemogram","CENTRE_A","EPO..mlU.ml.","ok",28,"Genotype","VARIANT-CNTRL",5.775,-19.6672664895642,31.2172664895642,0.988342636993423
"hemogram","CENTRE_A","EPO..mlU.ml.","ok",28,"Genotype","CALR Type I-JAK2 V617F",2.65000000000001,-21.7091156198694,27.0091156198695,0.99980352995689
"hemogram","CENTRE_A","EPO..mlU.ml.","ok",28,"Genotype","CALR Type II-JAK2 V617F",9.45000000000001,-28.7133997343463,47.6133997343463,0.981830866902019
"hemogram","CENTRE_A","EPO..mlU.ml.","ok",28,"Genotype","MPL W515-JAK2 V617F",-9.15,-47.3133997343463,29.0133997343463,0.984564890734288
"hemogram","CENTRE_A","EPO..mlU.ml.","ok",28,"Genotype","TN-JAK2 V617F",-0.407142857142858,-19.0289751494991,18.2146894352134,0.999999985717956
"hemogram","CENTRE_A","EPO..mlU.ml.","ok",28,"Genotype","VARIANT-JAK2 V617F",-3.325,-25.3586491098161,18.7086491098161,0.998724528096101
"hemogram","CENTRE_A","EPO..mlU.ml.","ok",28,"Genotype","CALR Type II-CALR Type I",6.8,-34.7470471995625,48.3470471995625,0.997992694916115
"hemogram","CENTRE_A","EPO..mlU.ml.","ok",28,"Genotype","MPL W515-CALR Type I",-11.8,-53.3470471995625,29.7470471995625,0.964439856198001
"hemogram","CENTRE_A","EPO..mlU.ml.","ok",28,"Genotype","TN-CALR Type I",-3.05714285714286,-27.8862525802846,21.7719668659989,0.999598601848818
"hemogram","CENTRE_A","EPO..mlU.ml.","ok",28,"Genotype","VARIANT-CALR Type I",-5.975,-33.4557886497762,21.5057886497762,0.990680713725855
"hemogram","CENTRE_A","EPO..mlU.ml.","ok",28,"Genotype","MPL W515-CALR Type II",-18.6,-69.4845329791284,32.2845329791284,0.890884134564261
"hemogram","CENTRE_A","EPO..mlU.ml.","ok",28,"Genotype","TN-CALR Type II",-9.85714285714286,-48.3222342406967,28.6079485264109,0.978433731216799
"hemogram","CENTRE_A","EPO..mlU.ml.","ok",28,"Genotype","VARIANT-CALR Type II",-12.775,-53.0027554719997,27.4527554719997,0.940385395636766
"hemogram","CENTRE_A","EPO..mlU.ml.","ok",28,"Genotype","TN-MPL W515",8.74285714285714,-29.7222342406967,47.2079485264109,0.988260427168007
"hemogram","CENTRE_A","EPO..mlU.ml.","ok",28,"Genotype","VARIANT-MPL W515",5.825,-34.4027554719997,46.0527554719997,0.998989183777137
"hemogram","CENTRE_A","EPO..mlU.ml.","ok",28,"Genotype","VARIANT-TN",-2.91785714285714,-25.4700159964158,19.6343017107015,0.999466832494501
"hemogram","CENTRE_A","TPO..pg.ml.","ok",28,"Genotype","JAK2 V617F-CNTRL",-18.24,-222.043292495782,185.563292495782,0.999984024713355
"hemogram","CENTRE_A","TPO..pg.ml.","ok",28,"Genotype","CALR Type I-CNTRL",0.859999999999928,-244.936018999114,246.656018999114,1
"hemogram","CENTRE_A","TPO..pg.ml.","ok",28,"Genotype","CALR Type II-CNTRL",-38.14,-406.834028498671,330.554028498671,0.99995725258724
"hemogram","CENTRE_A","TPO..pg.ml.","ok",28,"Genotype","CALR Type_Other-CNTRL",-53.34,-422.034028498671,315.354028498671,0.99959970772078
"hemogram","CENTRE_A","TPO..pg.ml.","ok",28,"Genotype","MPL W515-CNTRL",-23.9400000000001,-305.534715645561,257.654715645561,0.999988754039497
"hemogram","CENTRE_A","TPO..pg.ml.","ok",28,"Genotype","TN-CNTRL",-15.2650000000001,-207.13945583297,176.60945583297,0.999992862184781
"hemogram","CENTRE_A","TPO..pg.ml.","ok",28,"Genotype","VARIANT-CNTRL",-15.7400000000001,-297.334715645561,265.854715645561,0.999999374968958
"hemogram","CENTRE_A","TPO..pg.ml.","ok",28,"Genotype","CALR Type I-JAK2 V617F",19.0999999999999,-218.890972036913,257.090972036913,0.999992421511498
"hemogram","CENTRE_A","TPO..pg.ml.","ok",28,"Genotype","CALR Type II-JAK2 V617F",-19.9,-383.437214691757,343.637214691757,0.999999459261639
"hemogram","CENTRE_A","TPO..pg.ml.","ok",28,"Genotype","CALR Type_Other-JAK2 V617F",-35.1,-398.637214691757,328.437214691757,0.999973221316831
"hemogram","CENTRE_A","TPO..pg.ml.","ok",28,"Genotype","MPL W515-JAK2 V617F",-5.70000000000007,-280.508303540424,269.108303540424,0.999999999375996
"hemogram","CENTRE_A","TPO..pg.ml.","ok",28,"Genotype","TN-JAK2 V617F",2.97499999999988,-178.793607345879,184.743607345878,0.999999999880942
"hemogram","CENTRE_A","TPO..pg.ml.","ok",28,"Genotype","VARIANT-JAK2 V617F",2.49999999999994,-272.308303540424,277.308303540424,0.999999999998138
"hemogram","CENTRE_A","TPO..pg.ml.","ok",28,"Genotype","CALR Type II-CALR Type I",-39,-427.63762991961,349.63762991961,0.999965202223552
"hemogram","CENTRE_A","TPO..pg.ml.","ok",28,"Genotype","CALR Type_Other-CALR Type I",-54.2,-442.83762991961,334.43762991961,0.999685387444158
"hemogram","CENTRE_A","TPO..pg.ml.","ok",28,"Genotype","MPL W515-CALR Type I",-24.8,-332.045023748893,282.445023748892,0.999992117152681
"hemogram","CENTRE_A","TPO..pg.ml.","ok",28,"Genotype","TN-CALR Type I",-16.1250000000001,-243.984008029421,211.734008029421,0.99999680851154
"hemogram","CENTRE_A","TPO..pg.ml.","ok",28,"Genotype","VARIANT-CALR Type I",-16.6,-323.845023748892,290.645023748893,0.999999506150964
"hemogram","CENTRE_A","TPO..pg.ml.","ok",28,"Genotype","CALR Type_Other-CALR Type II",-15.2,-491.181944073825,460.781944073825,0.999999987288518
"hemogram","CENTRE_A","TPO..pg.ml.","ok",28,"Genotype","MPL W515-CALR Type II",14.2,-398.012455310637,426.412455310636,0.999999978433185
"hemogram","CENTRE_A","TPO..pg.ml.","ok",28,"Genotype","TN-CALR Type II",22.8749999999999,-334.111458055369,379.861458055369,0.999998391322881
"hemogram","CENTRE_A","TPO..pg.ml.","ok",28,"Genotype","VARIANT-CALR Type II",22.4,-389.812455310637,434.612455310637,0.999999486007948
"hemogram","CENTRE_A","TPO..pg.ml.","ok",28,"Genotype","MPL W515-CALR Type_Other",29.3999999999999,-382.812455310637,441.612455310637,0.999996632072828
"hemogram","CENTRE_A","TPO..pg.ml.","ok",28,"Genotype","TN-CALR Type_Other",38.0749999999999,-318.911458055369,395.061458055369,0.999947444825669
"hemogram","CENTRE_A","TPO..pg.ml.","ok",28,"Genotype","VARIANT-CALR Type_Other",37.6,-374.612455310637,449.812455310636,0.999981814051332
"hemogram","CENTRE_A","TPO..pg.ml.","ok",28,"Genotype","TN-MPL W515",8.67499999999995,-257.406995752894,274.756995752894,0.999999985310968
"hemogram","CENTRE_A","TPO..pg.ml.","ok",28,"Genotype","VARIANT-MPL W515",8.20000000000002,-328.370060376958,344.770060376958,0.999999998078424
"hemogram","CENTRE_A","TPO..pg.ml.","ok",28,"Genotype","VARIANT-TN",-0.474999999999937,-266.556995752894,265.606995752894,1
"hemogram","CENTRE_A","HGB.gr.dl.","ok",72,"Genotype","JAK2 V617F-CNTRL",0.277142857142859,-1.2520478301899,1.80633354447562,0.999134306663212
"hemogram","CENTRE_A","HGB.gr.dl.","ok",72,"Genotype","CALR Type I-CNTRL",-0.576190476190474,-2.33432028909774,1.1819393367168,0.968548130592135
"hemogram","CENTRE_A","HGB.gr.dl.","ok",72,"Genotype","CALR Type II-CNTRL",-0.409523809523808,-2.41744955268352,1.59840193363591,0.998149616371295
"hemogram","CENTRE_A","HGB.gr.dl.","ok",72,"Genotype","CALR Type_Other-CNTRL",0.857142857142856,-1.76087200971217,3.47515772399788,0.968719300372203
"hemogram","CENTRE_A","HGB.gr.dl.","ok",72,"Genotype","MPL W515-CNTRL",0.977142857142859,-1.16673517125558,3.1210208855413,0.840813919142173
"hemogram","CENTRE_A","HGB.gr.dl.","ok",72,"Genotype","TN-CNTRL",-0.121428571428572,-1.67676116416432,1.43390402130718,0.999997064255966
"hemogram","CENTRE_A","HGB.gr.dl.","ok",72,"Genotype","VARIANT-CNTRL",0.457142857142857,-1.55078288601686,2.46506860030257,0.996302528380636
"hemogram","CENTRE_A","HGB.gr.dl.","ok",72,"Genotype","CALR Type I-JAK2 V617F",-0.853333333333333,-2.58837947774347,0.881712811076803,0.782321915254791
"hemogram","CENTRE_A","HGB.gr.dl.","ok",72,"Genotype","CALR Type II-JAK2 V617F",-0.686666666666667,-2.67441173941685,1.30107840608352,0.958238261794383
"hemogram","CENTRE_A","HGB.gr.dl.","ok",72,"Genotype","CALR Type_Other-JAK2 V617F",0.579999999999997,-2.02256921661521,3.1825692166152,0.996763470390873
"hemogram","CENTRE_A","HGB.gr.dl.","ok",72,"Genotype","MPL W515-JAK2 V617F",0.699999999999999,-1.42498886699407,2.82498886699406,0.967656746881151
"hemogram","CENTRE_A","HGB.gr.dl.","ok",72,"Genotype","TN-JAK2 V617F",-0.398571428571431,-1.92776211590419,1.13061925876133,0.991554384681195
"hemogram","CENTRE_A","HGB.gr.dl.","ok",72,"Genotype","VARIANT-JAK2 V617F",0.179999999999998,-1.80774507275019,2.16774507275018,0.99999184531417
"hemogram","CENTRE_A","HGB.gr.dl.","ok",72,"Genotype","CALR Type II-CALR Type I",0.166666666666666,-2.002141013846,2.33547434717934,0.999997368036882
"hemogram","CENTRE_A","HGB.gr.dl.","ok",72,"Genotype","CALR Type_Other-CALR Type I",1.43333333333333,-1.3100154975814,4.17668216424806,0.726289562515641
"hemogram","CENTRE_A","HGB.gr.dl.","ok",72,"Genotype","MPL W515-CALR Type I",1.55333333333333,-0.741916972332008,3.84858363899867,0.413322278602716
"hemogram","CENTRE_A","HGB.gr.dl.","ok",72,"Genotype","TN-CALR Type I",0.454761904761902,-1.30336790814537,2.21289171766917,0.991931788613168
"hemogram","CENTRE_A","HGB.gr.dl.","ok",72,"Genotype","VARIANT-CALR Type I",1.03333333333333,-1.13547434717934,3.202141013846,0.808345780055871
"hemogram","CENTRE_A","HGB.gr.dl.","ok",72,"Genotype","CALR Type_Other-CALR Type II",1.26666666666666,-1.64309417558332,4.17642750891665,0.869850425346006
"hemogram","CENTRE_A","HGB.gr.dl.","ok",72,"Genotype","MPL W515-CALR Type II",1.38666666666667,-1.10510365113291,3.87843698446624,0.659168764197347
"hemogram","CENTRE_A","HGB.gr.dl.","ok",72,"Genotype","TN-CALR Type II",0.288095238095236,-1.71983050506448,2.29602098125495,0.999814472825281
"hemogram","CENTRE_A","HGB.gr.dl.","ok",72,"Genotype","VARIANT-CALR Type II",0.866666666666665,-1.50914311234783,3.24247644568116,0.944496607397232
"hemogram","CENTRE_A","HGB.gr.dl.","ok",72,"Genotype","MPL W515-CALR Type_Other",0.120000000000003,-2.88518807559484,3.12518807559485,0.999999972147214
"hemogram","CENTRE_A","HGB.gr.dl.","ok",72,"Genotype","TN-CALR Type_Other",-0.978571428571428,-3.59658629542646,1.6394434382836,0.937160561028794
"hemogram","CENTRE_A","HGB.gr.dl.","ok",72,"Genotype","VARIANT-CALR Type_Other",-0.399999999999999,-3.30976084224999,2.50976084224999,0.999860677017749
"hemogram","CENTRE_A","HGB.gr.dl.","ok",72,"Genotype","TN-MPL W515",-1.09857142857143,-3.24244945696987,1.04530659982701,0.74521217204932
"hemogram","CENTRE_A","HGB.gr.dl.","ok",72,"Genotype","VARIANT-MPL W515",-0.520000000000001,-3.01177031779958,1.97177031779957,0.997859376531036
"hemogram","CENTRE_A","HGB.gr.dl.","ok",72,"Genotype","VARIANT-TN",0.578571428571429,-1.42935431458829,2.58649717173115,0.984754779406022
"hemogram","CENTRE_A","HCT....","ok",72,"Genotype","JAK2 V617F-CNTRL",-0.331674208144783,-5.22480549506423,4.56145707877467,0.999998895264544
"hemogram","CENTRE_A","HCT....","ok",72,"Genotype","CALR Type I-CNTRL",-3.3957264957265,-9.15464307266764,2.36319008121464,0.59087282870477
"hemogram","CENTRE_A","HCT....","ok",72,"Genotype","CALR Type II-CNTRL",-0.0179487179487126,-6.57263449501889,6.53673705912146,1
"hemogram","CENTRE_A","HCT....","ok",72,"Genotype","CALR Type_Other-CNTRL",0.315384615384616,-8.19109891919075,8.82186814995998,0.999999983400628
"hemogram","CENTRE_A","HCT....","ok",72,"Genotype","MPL W515-CNTRL",-1.58461538461538,-8.57340476001519,5.40417399078442,0.996395712282094
"hemogram","CENTRE_A","HCT....","ok",72,"Genotype","TN-CNTRL",-1.15384615384615,-6.36298219512023,4.05528988742794,0.996884322656522
"hemogram","CENTRE_A","HCT....","ok",72,"Genotype","VARIANT-CNTRL",0.61538461538462,-5.93930116168556,7.1700703924548,0.999989550711102
"hemogram","CENTRE_A","HCT....","ok",72,"Genotype","CALR Type I-JAK2 V617F",-3.06405228758172,-8.53879023881708,2.41068566365365,0.652721198074506
"hemogram","CENTRE_A","HCT....","ok",72,"Genotype","CALR Type II-JAK2 V617F",0.31372549019607,-5.99274270766677,6.62019368805891,0.999999871170098
"hemogram","CENTRE_A","HCT....","ok",72,"Genotype","CALR Type_Other-JAK2 V617F",0.647058823529399,-7.66966514799515,8.96378279505395,0.999997133712824
"hemogram","CENTRE_A","HCT....","ok",72,"Genotype","MPL W515-JAK2 V617F",-1.2529411764706,-8.0094796710128,5.5035973180716,0.998995469197748
"hemogram","CENTRE_A","HCT....","ok",72,"Genotype","TN-JAK2 V617F",-0.822171945701363,-5.71530323262081,4.07095934121809,0.999471853235102
"hemogram","CENTRE_A","HCT....","ok",72,"Genotype","VARIANT-JAK2 V617F",0.947058823529403,-5.35940937433344,7.25352702139224,0.999748589866318
"hemogram","CENTRE_A","HCT....","ok",72,"Genotype","CALR Type II-CALR Type I",3.37777777777779,-3.62178845733942,10.377344012895,0.798170417597458
"hemogram","CENTRE_A","HCT....","ok",72,"Genotype","CALR Type_Other-CALR Type I",3.71111111111112,-5.1427176633609,12.5649398855831,0.89046780431877
"hemogram","CENTRE_A","HCT....","ok",72,"Genotype","MPL W515-CALR Type I",1.81111111111112,-5.5965335062668,9.21875572848903,0.994263435372076
"hemogram","CENTRE_A","HCT....","ok",72,"Genotype","TN-CALR Type I",2.24188034188035,-3.51703623506079,8.00079691882149,0.923047839066278
"hemogram","CENTRE_A","HCT....","ok",72,"Genotype","VARIANT-CALR Type I",4.01111111111112,-2.98845512400609,11.0106773462283,0.625284075473441
"hemogram","CENTRE_A","HCT....","ok",72,"Genotype","CALR Type_Other-CALR Type II",0.333333333333329,-9.05757021550728,9.72423688217394,0.999999987752339
"hemogram","CENTRE_A","HCT....","ok",72,"Genotype","MPL W515-CALR Type II",-1.56666666666667,-9.6085560139113,6.47522268057796,0.99861969918272
"hemogram","CENTRE_A","HCT....","ok",72,"Genotype","TN-CALR Type II",-1.13589743589743,-7.69058321296761,5.41878834117274,0.999353450961905
"hemogram","CENTRE_A","HCT....","ok",72,"Genotype","VARIANT-CALR Type II",0.633333333333333,-7.03430730611707,8.30097397278374,0.999995669515497
"hemogram","CENTRE_A","HCT....","ok",72,"Genotype","MPL W515-CALR Type_Other",-1.9,-11.5988834801333,7.79888348013328,0.998569602858432
"hemogram","CENTRE_A","HCT....","ok",72,"Genotype","TN-CALR Type_Other",-1.46923076923076,-9.97571430380613,7.0372527653446,0.999367385593913
"hemogram","CENTRE_A","HCT....","ok",72,"Genotype","VARIANT-CALR Type_Other",0.300000000000004,-9.09090354884061,9.69090354884061,0.999999994130848
"hemogram","CENTRE_A","HCT....","ok",72,"Genotype","TN-MPL W515",0.430769230769236,-6.55802014463057,7.41955860616904,0.999999428500037
"hemogram","CENTRE_A","HCT....","ok",72,"Genotype","VARIANT-MPL W515",2.2,-5.84188934724462,10.2418893472446,0.988740486862201
"hemogram","CENTRE_A","HCT....","ok",72,"Genotype","VARIANT-TN",1.76923076923077,-4.78545500783941,8.32391654630094,0.989599069955556
"hemogram","CENTRE_A","MCH..pg.","ok",72,"Genotype","JAK2 V617F-CNTRL",0.804201680672271,-1.91578802821201,3.52419138955656,0.98231977110042
"hemogram","CENTRE_A","MCH..pg.","ok",72,"Genotype","CALR Type I-CNTRL",1.0015873015873,-2.21839539523537,4.22156999840998,0.97643651337128
"hemogram","CENTRE_A","MCH..pg.","ok",72,"Genotype","CALR Type II-CNTRL",1.65714285714286,-2.02033653147388,5.3346222457596,0.848440972151063
"hemogram","CENTRE_A","MCH..pg.","ok",72,"Genotype","CALR Type_Other-CNTRL",2.75714285714286,-2.03770363792783,7.55198935221354,0.62121531573422
"hemogram","CENTRE_A","MCH..pg.","ok",72,"Genotype","MPL W515-CNTRL",3.03714285714286,-0.889330663106465,6.96361637739218,0.248004500104196
"hemogram","CENTRE_A","MCH..pg.","ok",72,"Genotype","TN-CNTRL",1.35714285714285,-1.6794358082567,4.39372152254241,0.853764872962583
"hemogram","CENTRE_A","MCH..pg.","ok",72,"Genotype","VARIANT-CNTRL",1.32857142857143,-2.16019184633429,4.81733470347715,0.93099434828994
"hemogram","CENTRE_A","MCH..pg.","ok",72,"Genotype","CALR Type I-JAK2 V617F",0.197385620915032,-2.90943265379195,3.30420389562201,0.999999294821038
"hemogram","CENTRE_A","MCH..pg.","ok",72,"Genotype","CALR Type II-JAK2 V617F",0.852941176470587,-2.72586950277983,4.431751855721,0.99509356844449
"hemogram","CENTRE_A","MCH..pg.","ok",72,"Genotype","CALR Type_Other-JAK2 V617F",1.95294117647058,-2.76665458328548,6.67253693622665,0.896842463343099
"hemogram","CENTRE_A","MCH..pg.","ok",72,"Genotype","MPL W515-JAK2 V617F",2.23294117647059,-1.60127654419095,6.06715889713212,0.60599391183356
"hemogram","CENTRE_A","MCH..pg.","ok",72,"Genotype","TN-JAK2 V617F",0.552941176470583,-2.36336491435315,3.46924726729431,0.998840600240318
"hemogram","CENTRE_A","MCH..pg.","ok",72,"Genotype","VARIANT-JAK2 V617F",0.524369747899158,-2.86022777803309,3.90896727383141,0.999690780024252
"hemogram","CENTRE_A","MCH..pg.","ok",72,"Genotype","CALR Type II-CALR Type I",0.655555555555555,-3.31657616800521,4.62768727911632,0.999530574485419
"hemogram","CENTRE_A","MCH..pg.","ok",72,"Genotype","CALR Type_Other-CALR Type I",1.75555555555555,-3.26883780950937,6.77994892062048,0.955645346883039
"hemogram","CENTRE_A","MCH..pg.","ok",72,"Genotype","MPL W515-CALR Type I",2.03555555555555,-2.1681535305773,6.23926464168841,0.795368808454879
"hemogram","CENTRE_A","MCH..pg.","ok",72,"Genotype","TN-CALR Type I",0.355555555555551,-3.03188976013245,3.74300087124355,0.999977579582869
"hemogram","CENTRE_A","MCH..pg.","ok",72,"Genotype","VARIANT-CALR Type I",0.326984126984126,-3.47110025385152,4.12506850781977,0.999994239530798
"hemogram","CENTRE_A","MCH..pg.","ok",72,"Genotype","CALR Type_Other-CALR Type II",1.1,-4.22917392967916,6.42917392967916,0.99800322219519
"hemogram","CENTRE_A","MCH..pg.","ok",72,"Genotype","MPL W515-CALR Type II",1.38,-3.18363190525918,5.94363190525917,0.979902782130242
"hemogram","CENTRE_A","MCH..pg.","ok",72,"Genotype","TN-CALR Type II",-0.300000000000004,-4.12496429429611,3.52496429429611,0.999996969606972
"hemogram","CENTRE_A","MCH..pg.","ok",72,"Genotype","VARIANT-CALR Type II",-0.328571428571429,-4.52154305378084,3.86440019663798,0.99999698814235
"hemogram","CENTRE_A","MCH..pg.","ok",72,"Genotype","MPL W515-CALR Type_Other",0.280000000000001,-5.2239471676507,5.7839471676507,0.999999849454385
"hemogram","CENTRE_A","MCH..pg.","ok",72,"Genotype","TN-CALR Type_Other",-1.4,-6.30887462767495,3.50887462767494,0.985635867722475
"hemogram","CENTRE_A","MCH..pg.","ok",72,"Genotype","VARIANT-CALR Type_Other",-1.42857142857143,-6.62931265530074,3.77216979815789,0.988466657822867
"hemogram","CENTRE_A","MCH..pg.","ok",72,"Genotype","TN-MPL W515",-1.68,-5.7449343788256,2.3849343788256,0.897429336617956
"hemogram","CENTRE_A","MCH..pg.","ok",72,"Genotype","VARIANT-MPL W515",-1.70857142857143,-6.12154669491152,2.70440383776866,0.925087703385836
"hemogram","CENTRE_A","MCH..pg.","ok",72,"Genotype","VARIANT-TN",-0.0285714285714249,-3.67246582705089,3.61532296990804,1
"hemogram","CENTRE_A","MCHC..gr.dl.","ok",72,"Genotype","JAK2 V617F-CNTRL",0.231221719457011,-1.10654865204936,1.56899209096338,0.999364453569356
"hemogram","CENTRE_A","MCHC..gr.dl.","ok",72,"Genotype","CALR Type I-CNTRL",-0.0145299145299163,-1.58900391019068,1.55994408113085,0.999999999999095
"hemogram","CENTRE_A","MCHC..gr.dl.","ok",72,"Genotype","CALR Type II-CNTRL",0.0410256410256409,-1.75100974754844,1.83306102959972,0.99999999942808
"hemogram","CENTRE_A","MCHC..gr.dl.","ok",72,"Genotype","CALR Type_Other-CNTRL",0.341025641025638,-1.98462657858321,2.66667786063449,0.999785470101608
"hemogram","CENTRE_A","MCHC..gr.dl.","ok",72,"Genotype","MPL W515-CNTRL",0.657692307692308,-1.41836755180999,2.73375216719461,0.973905891842172
"hemogram","CENTRE_A","MCHC..gr.dl.","ok",72,"Genotype","TN-CNTRL",0.723076923076924,-0.701088391226277,2.14724223738012,0.753890136903131
"hemogram","CENTRE_A","MCHC..gr.dl.","ok",72,"Genotype","VARIANT-CNTRL",0.364835164835164,-1.33736796324173,2.06703829291206,0.997466159080281
"hemogram","CENTRE_A","MCHC..gr.dl.","ok",72,"Genotype","CALR Type I-JAK2 V617F",-0.245751633986927,-1.74253187417849,1.25102860620464,0.999546291561709
"hemogram","CENTRE_A","MCHC..gr.dl.","ok",72,"Genotype","CALR Type II-JAK2 V617F",-0.19019607843137,-1.91436937549806,1.53397721863532,0.999968535966306
"hemogram","CENTRE_A","MCHC..gr.dl.","ok",72,"Genotype","CALR Type_Other-JAK2 V617F",0.109803921568627,-2.16396848810379,2.38357633124105,0.999999895224821
"hemogram","CENTRE_A","MCHC..gr.dl.","ok",72,"Genotype","MPL W515-JAK2 V617F",0.426470588235297,-1.59130225939961,2.4442434358702,0.997680033393033
"hemogram","CENTRE_A","MCHC..gr.dl.","ok",72,"Genotype","TN-JAK2 V617F",0.491855203619913,-0.845915167886459,1.82962557512628,0.942214843805682
"hemogram","CENTRE_A","MCHC..gr.dl.","ok",72,"Genotype","VARIANT-JAK2 V617F",0.133613445378153,-1.49699325571525,1.76422014647156,0.999995901551395
"hemogram","CENTRE_A","MCHC..gr.dl.","ok",72,"Genotype","CALR Type II-CALR Type I",0.0555555555555571,-1.85810908446095,1.96922019557206,0.999999996991693
"hemogram","CENTRE_A","MCHC..gr.dl.","ok",72,"Genotype","CALR Type_Other-CALR Type I",0.355555555555554,-2.06506002051579,2.7761711316269,0.999783021997566
"hemogram","CENTRE_A","MCHC..gr.dl.","ok",72,"Genotype","MPL W515-CALR Type I",0.672222222222224,-1.50969117220578,2.85413561665023,0.97766931092167
"hemogram","CENTRE_A","MCHC..gr.dl.","ok",72,"Genotype","TN-CALR Type I",0.73760683760684,-0.836867158053922,2.3120808332676,0.821229674699283
"hemogram","CENTRE_A","MCHC..gr.dl.","ok",72,"Genotype","VARIANT-CALR Type I",0.37936507936508,-1.45044830177038,2.20917846050054,0.997946462196752
"hemogram","CENTRE_A","MCHC..gr.dl.","ok",72,"Genotype","CALR Type_Other-CALR Type II",0.299999999999997,-2.26745053272874,2.86745053272874,0.999953468596566
"hemogram","CENTRE_A","MCHC..gr.dl.","ok",72,"Genotype","MPL W515-CALR Type II",0.616666666666667,-1.72708428675698,2.96041762009031,0.991064590427328
"hemogram","CENTRE_A","MCHC..gr.dl.","ok",72,"Genotype","TN-CALR Type II",0.682051282051283,-1.1099841065228,2.47408667062537,0.93118679184228
"hemogram","CENTRE_A","MCHC..gr.dl.","ok",72,"Genotype","VARIANT-CALR Type II",0.323809523809523,-1.69624975271488,2.34386880033393,0.999612624741319
"hemogram","CENTRE_A","MCHC..gr.dl.","ok",72,"Genotype","MPL W515-CALR Type_Other",0.31666666666667,-2.45649685976734,3.08983019310068,0.999960199270835
"hemogram","CENTRE_A","MCHC..gr.dl.","ok",72,"Genotype","TN-CALR Type_Other",0.382051282051286,-1.94360093755756,2.70770350166013,0.999544648364559
"hemogram","CENTRE_A","MCHC..gr.dl.","ok",72,"Genotype","VARIANT-CALR Type_Other",0.0238095238095255,-2.4817656383722,2.52938468599125,0.999999999998873
"hemogram","CENTRE_A","MCHC..gr.dl.","ok",72,"Genotype","TN-MPL W515",0.065384615384616,-2.01067524411768,2.14144447488692,0.999999994685936
"hemogram","CENTRE_A","MCHC..gr.dl.","ok",72,"Genotype","VARIANT-MPL W515",-0.292857142857144,-2.56865880095636,1.98294451524207,0.999910631858846
"hemogram","CENTRE_A","MCHC..gr.dl.","ok",72,"Genotype","VARIANT-TN",-0.358241758241761,-2.06044488631866,1.34396136983513,0.997741750530818
"hemogram","CENTRE_A","Lymph.","ok",73,"Genotype","JAK2 V617F-CNTRL",-0.0907563025210152,-4.90299284526124,4.72148024021921,0.999999999853376
"hemogram","CENTRE_A","Lymph.","ok",73,"Genotype","CALR Type I-CNTRL",-1.63650793650794,-7.33333772598436,4.06032185296848,0.985082708363394
"hemogram","CENTRE_A","Lymph.","ok",73,"Genotype","CALR Type II-CNTRL",-2.43428571428571,-9.38104705552485,4.51247562695343,0.955121604892809
"hemogram","CENTRE_A","Lymph.","ok",73,"Genotype","CALR Type_Other-CNTRL",0.585714285714285,-7.89738233963059,9.06881091105916,0.999998751646514
"hemogram","CENTRE_A","Lymph.","ok",73,"Genotype","MPL W515-CNTRL",-4.27428571428572,-11.2210470555249,2.67247562695342,0.538026925559059
"hemogram","CENTRE_A","Lymph.","ok",73,"Genotype","TN-CNTRL",-0.875824175824182,-6.01153765366446,4.2598893020161,0.999420821573095
"hemogram","CENTRE_A","Lymph.","ok",73,"Genotype","VARIANT-CNTRL",-0.671428571428574,-6.84378799824345,5.5009308553863,0.999971546194938
"hemogram","CENTRE_A","Lymph.","ok",73,"Genotype","CALR Type I-JAK2 V617F",-1.54575163398692,-7.04236964852005,3.9508663805462,0.986818534791665
"hemogram","CENTRE_A","Lymph.","ok",73,"Genotype","CALR Type II-JAK2 V617F",-2.3435294117647,-9.12707074941119,4.44001192588179,0.958372498077136
"hemogram","CENTRE_A","Lymph.","ok",73,"Genotype","CALR Type_Other-JAK2 V617F",0.676470588235301,-7.67349158547313,9.02643276194373,0.999996231033226
"hemogram","CENTRE_A","Lymph.","ok",73,"Genotype","MPL W515-JAK2 V617F",-4.1835294117647,-10.9670707494112,2.60001192588178,0.535064398120118
"hemogram","CENTRE_A","Lymph.","ok",73,"Genotype","TN-JAK2 V617F",-0.785067873303166,-5.69775480347635,4.12761905687002,0.999622340772338
"hemogram","CENTRE_A","Lymph.","ok",73,"Genotype","VARIANT-JAK2 V617F",-0.580672268907559,-6.56874047503335,5.40739593721823,0.999987025667948
"hemogram","CENTRE_A","Lymph.","ok",73,"Genotype","CALR Type II-CALR Type I",-0.797777777777775,-8.23502741635656,6.63947186080101,0.999974135829523
"hemogram","CENTRE_A","Lymph.","ok",73,"Genotype","CALR Type_Other-CALR Type I",2.22222222222222,-6.66699132056902,11.1114357650135,0.993461200218291
"hemogram","CENTRE_A","Lymph.","ok",73,"Genotype","MPL W515-CALR Type I",-2.63777777777778,-10.0750274163566,4.79947186080101,0.952189894012056
"hemogram","CENTRE_A","Lymph.","ok",73,"Genotype","TN-CALR Type I",0.760683760683758,-5.02124861360738,6.5426161349749,0.999896809478197
"hemogram","CENTRE_A","Lymph.","ok",73,"Genotype","VARIANT-CALR Type I",0.965079365079365,-5.75453445925579,7.68469318941452,0.999814202225487
"hemogram","CENTRE_A","Lymph.","ok",73,"Genotype","CALR Type_Other-CALR Type II",3.02,-6.71764555173436,12.7576455517344,0.976913200307776
"hemogram","CENTRE_A","Lymph.","ok",73,"Genotype","MPL W515-CALR Type II",-1.84,-10.2730484208505,6.59304842085048,0.997178493222377
"hemogram","CENTRE_A","Lymph.","ok",73,"Genotype","TN-CALR Type II",1.55846153846153,-5.4582588822724,8.57518195919547,0.996845618429538
"hemogram","CENTRE_A","Lymph.","ok",73,"Genotype","VARIANT-CALR Type II",1.76285714285714,-6.04462858752142,9.5703428732357,0.996504498582092
"hemogram","CENTRE_A","Lymph.","ok",73,"Genotype","MPL W515-CALR Type_Other",-4.86,-14.5976455517344,4.87764555173435,0.769988365391779
"hemogram","CENTRE_A","Lymph.","ok",73,"Genotype","TN-CALR Type_Other",-1.46153846153847,-10.0020185818565,7.07894165877957,0.999407463346326
"hemogram","CENTRE_A","Lymph.","ok",73,"Genotype","VARIANT-CALR Type_Other",-1.25714285714286,-10.4583530304227,7.94406731613694,0.999866983676608
"hemogram","CENTRE_A","Lymph.","ok",73,"Genotype","TN-MPL W515",3.39846153846154,-3.6182588822724,10.4151819591955,0.795647595379862
"hemogram","CENTRE_A","Lymph.","ok",73,"Genotype","VARIANT-MPL W515",3.60285714285714,-4.20462858752141,11.4103428732357,0.8326121398508
"hemogram","CENTRE_A","Lymph.","ok",73,"Genotype","VARIANT-TN",0.204395604395607,-6.04659577492979,6.45538698372101,0.999999993133064
"hemogram","CENTRE_A","Mono.","ok",73,"Genotype","JAK2 V617F-CNTRL",1.41218487394958,-1.4225722683195,4.24694201621866,0.771637297132092
"hemogram","CENTRE_A","Mono.","ok",73,"Genotype","CALR Type I-CNTRL",2.38015873015873,-0.975688138668245,5.7360055989857,0.353127117223177
"hemogram","CENTRE_A","Mono.","ok",73,"Genotype","CALR Type II-CNTRL",1.99571428571428,-2.09643312907239,6.08786170050095,0.789930114823925
"hemogram","CENTRE_A","Mono.","ok",73,"Genotype","CALR Type_Other-CNTRL",0.202380952380951,-4.79477962642171,5.19954153118361,0.999999969431986
"hemogram","CENTRE_A","Mono.","ok",73,"Genotype","MPL W515-CNTRL",2.49571428571429,-1.59643312907238,6.58786170050096,0.549288522133767
"hemogram","CENTRE_A","Mono.","ok",73,"Genotype","TN-CNTRL",1.38186813186813,-1.64344043986415,4.4071767036004,0.839738195319916
"hemogram","CENTRE_A","Mono.","ok",73,"Genotype","VARIANT-CNTRL",2.53571428571428,-1.1002541074462,6.17168267887477,0.37475257962952
"hemogram","CENTRE_A","Mono.","ok",73,"Genotype","CALR Type I-JAK2 V617F",0.967973856209147,-2.26993372307,4.20588143548829,0.981243027358819
"hemogram","CENTRE_A","Mono.","ok",73,"Genotype","CALR Type II-JAK2 V617F",0.583529411764703,-3.41246955586314,4.57952837939254,0.99979240357579
"hemogram","CENTRE_A","Mono.","ok",73,"Genotype","CALR Type_Other-JAK2 V617F",-1.20980392156863,-6.12853863034048,3.70893078720322,0.994076869524111
"hemogram","CENTRE_A","Mono.","ok",73,"Genotype","MPL W515-JAK2 V617F",1.08352941176471,-2.91246955586313,5.07952837939254,0.98935959651428
"hemogram","CENTRE_A","Mono.","ok",73,"Genotype","TN-JAK2 V617F",-0.0303167420814505,-2.92424646464458,2.86361298048168,0.999999999997668
"hemogram","CENTRE_A","Mono.","ok",73,"Genotype","VARIANT-JAK2 V617F",1.1235294117647,-2.40387805562541,4.65093687915482,0.973215254393554
"hemogram","CENTRE_A","Mono.","ok",73,"Genotype","CALR Type II-CALR Type I",-0.384444444444444,-4.76552512170354,3.99663623281465,0.999993466391209
"hemogram","CENTRE_A","Mono.","ok",73,"Genotype","CALR Type_Other-CALR Type I",-2.17777777777778,-7.41417074303995,3.05861518748439,0.89467962927705
"hemogram","CENTRE_A","Mono.","ok",73,"Genotype","MPL W515-CALR Type I",0.115555555555559,-4.26552512170354,4.49663623281465,0.999999998469426
"hemogram","CENTRE_A","Mono.","ok",73,"Genotype","TN-CALR Type I",-0.998290598290597,-4.4042690759831,2.40768787940191,0.983248826962151
"hemogram","CENTRE_A","Mono.","ok",73,"Genotype","VARIANT-CALR Type I",0.155555555555558,-3.80278545961352,4.11389657072464,0.999999975221312
"hemogram","CENTRE_A","Mono.","ok",73,"Genotype","CALR Type_Other-CALR Type II",-1.79333333333333,-7.52951442740425,3.94284776073758,0.975852398342299
"hemogram","CENTRE_A","Mono.","ok",73,"Genotype","MPL W515-CALR Type II",0.500000000000003,-4.46767854817342,5.46767854817343,0.999983257820117
"hemogram","CENTRE_A","Mono.","ok",73,"Genotype","TN-CALR Type II",-0.613846153846153,-4.74720455202964,3.51951224433734,0.999767731672066
"hemogram","CENTRE_A","Mono.","ok",73,"Genotype","VARIANT-CALR Type II",0.540000000000002,-4.05917664910788,5.13917664910789,0.999952174486989
"hemogram","CENTRE_A","Mono.","ok",73,"Genotype","MPL W515-CALR Type_Other",2.29333333333333,-3.44284776073758,8.02951442740425,0.91266357687594
"hemogram","CENTRE_A","Mono.","ok",73,"Genotype","TN-CALR Type_Other",1.17948717948718,-3.85147644926508,6.21045080823944,0.995586028164852
"hemogram","CENTRE_A","Mono.","ok",73,"Genotype","VARIANT-CALR Type_Other",2.33333333333333,-3.08684832743168,7.75351499409835,0.876565919755716
"hemogram","CENTRE_A","Mono.","ok",73,"Genotype","TN-MPL W515",-1.11384615384616,-5.24720455202965,3.01951224433734,0.989743116298483
"hemogram","CENTRE_A","Mono.","ok",73,"Genotype","VARIANT-MPL W515",0.0399999999999991,-4.55917664910788,4.63917664910788,0.999999999999482
"hemogram","CENTRE_A","Mono.","ok",73,"Genotype","VARIANT-TN",1.15384615384616,-2.52844217537941,4.83613448307172,0.975542396524612
"hemogram","CENTRE_A","Eos.","ok",73,"Genotype","JAK2 V617F-CNTRL",0.864285714285715,-1.35356068294467,3.0821321115161,0.92289475480017
"hemogram","CENTRE_A","Eos.","ok",73,"Genotype","CALR Type I-CNTRL",-0.557936507936506,-3.18347108255874,2.06759806668573,0.997610653786053
"hemogram","CENTRE_A","Eos.","ok",73,"Genotype","CALR Type II-CNTRL",-0.955714285714284,-4.15731285142266,2.24588427999409,0.981399438917027
"hemogram","CENTRE_A","Eos.","ok",73,"Genotype","CALR Type_Other-CNTRL",3.36428571428571,-0.545373572155975,7.2739450007274,0.142791461240891
"hemogram","CENTRE_A","Eos.","ok",73,"Genotype","MPL W515-CNTRL",0.444285714285714,-2.75731285142266,3.64588427999409,0.99985236057754
"hemogram","CENTRE_A","Eos.","ok",73,"Genotype","TN-CNTRL",0.610439560439561,-1.75648973176636,2.97736885264549,0.99210733673642
"hemogram","CENTRE_A","Eos.","ok",73,"Genotype","VARIANT-CNTRL",0.507142857142858,-2.33755211900586,3.35183783329157,0.999226006320978
"hemogram","CENTRE_A","Eos.","ok",73,"Genotype","CALR Type I-JAK2 V617F",-1.42222222222222,-3.9554839088022,1.11103946435776,0.64972469400254
"hemogram","CENTRE_A","Eos.","ok",73,"Genotype","CALR Type II-JAK2 V617F",-1.82,-4.94637431317864,1.30637431317865,0.607041347301732
"hemogram","CENTRE_A","Eos.","ok",73,"Genotype","CALR Type_Other-JAK2 V617F",2.5,-1.34830075568647,6.34830075568647,0.467489745914745
"hemogram","CENTRE_A","Eos.","ok",73,"Genotype","MPL W515-JAK2 V617F",-0.420000000000001,-3.54637431317865,2.70637431317864,0.999881237174483
"hemogram","CENTRE_A","Eos.","ok",73,"Genotype","TN-JAK2 V617F",-0.253846153846154,-2.5179877670099,2.0102954593176,0.999965048711528
"hemogram","CENTRE_A","Eos.","ok",73,"Genotype","VARIANT-JAK2 V617F",-0.357142857142858,-3.11690235345464,2.40261663916892,0.999907654132038
"hemogram","CENTRE_A","Eos.","ok",73,"Genotype","CALR Type II-CALR Type I",-0.397777777777778,-3.82543083882876,3.02987528327321,0.999955817531036
"hemogram","CENTRE_A","Eos.","ok",73,"Genotype","CALR Type_Other-CALR Type I",3.92222222222222,-0.174606779218526,8.01905122366296,0.0702523184035594
"hemogram","CENTRE_A","Eos.","ok",73,"Genotype","MPL W515-CALR Type I",1.00222222222222,-2.42543083882876,4.4298752832732,0.983479542226633
"hemogram","CENTRE_A","Eos.","ok",73,"Genotype","TN-CALR Type I",1.16837606837607,-1.49638028170337,3.8331324184555,0.86596778805205
"hemogram","CENTRE_A","Eos.","ok",73,"Genotype","VARIANT-CALR Type I",1.06507936507936,-2.03183226399758,4.1619909941563,0.959359825330289
"hemogram","CENTRE_A","Eos.","ok",73,"Genotype","CALR Type_Other-CALR Type II",4.32,-0.167851316660925,8.80785131666092,0.0674460376437894
"hemogram","CENTRE_A","Eos.","ok",73,"Genotype","MPL W515-CALR Type II",1.4,-2.4865932486358,5.2865932486358,0.948171974878919
"hemogram","CENTRE_A","Eos.","ok",73,"Genotype","TN-CALR Type II",1.56615384615385,-1.66768721034505,4.79999490265274,0.795708827173299
"hemogram","CENTRE_A","Eos.","ok",73,"Genotype","VARIANT-CALR Type II",1.46285714285714,-2.13542900637018,5.06114329208446,0.905383104392881
"hemogram","CENTRE_A","Eos.","ok",73,"Genotype","MPL W515-CALR Type_Other",-2.92,-7.40785131666092,1.56785131666092,0.465455703752961
"hemogram","CENTRE_A","Eos.","ok",73,"Genotype","TN-CALR Type_Other",-2.75384615384615,-6.68995214058122,1.18225983288892,0.370619638600579
"hemogram","CENTRE_A","Eos.","ok",73,"Genotype","VARIANT-CALR Type_Other",-2.85714285714286,-7.09776375175664,1.38347803747092,0.419643475553915
"hemogram","CENTRE_A","Eos.","ok",73,"Genotype","TN-MPL W515",0.166153846153847,-3.06768721034505,3.39999490265274,0.9999998395821
"hemogram","CENTRE_A","Eos.","ok",73,"Genotype","VARIANT-MPL W515",0.0628571428571432,-3.53542900637018,3.66114329208446,0.999999999914206
"hemogram","CENTRE_A","Eos.","ok",73,"Genotype","VARIANT-TN",-0.103296703296703,-2.98423129298764,2.77763788639423,0.999999986931304
"hemogram","CENTRE_A","Baso.","ok",73,"Genotype","JAK2 V617F-CNTRL",-0.395798319327731,-1.52422633827077,0.732629699615309,0.954897473274479
"hemogram","CENTRE_A","Baso.","ok",73,"Genotype","CALR Type I-CNTRL",0.39047619047619,-0.945381325358645,1.72633370631103,0.983508557790217
"hemogram","CENTRE_A","Baso.","ok",73,"Genotype","CALR Type II-CNTRL",-0.842857142857142,-2.47181284126113,0.786098555546843,0.736385374444807
"hemogram","CENTRE_A","Baso.","ok",73,"Genotype","CALR Type_Other-CNTRL",-0.476190476190476,-2.46540356545175,1.5130226130708,0.994981267317856
"hemogram","CENTRE_A","Baso.","ok",73,"Genotype","MPL W515-CNTRL",-0.522857142857143,-2.15181284126113,1.10609855554684,0.972049996462949
"hemogram","CENTRE_A","Baso.","ok",73,"Genotype","TN-CNTRL",-0.019780219780219,-1.2240607937269,1.18450035416646,0.999999999944252
"hemogram","CENTRE_A","Baso.","ok",73,"Genotype","VARIANT-CNTRL",-0.071428571428571,-1.51879369123189,1.37593654837475,0.999999878809327
"hemogram","CENTRE_A","Baso.","ok",73,"Genotype","CALR Type I-JAK2 V617F",0.786274509803921,-0.502635069336246,2.07518408894409,0.548972253464303
"hemogram","CENTRE_A","Baso.","ok",73,"Genotype","CALR Type II-JAK2 V617F",-0.447058823529411,-2.03774083699083,1.14362318993201,0.986865028030924
"hemogram","CENTRE_A","Baso.","ok",73,"Genotype","CALR Type_Other-JAK2 V617F",-0.0803921568627446,-2.03838636397248,1.87760205024699,0.999999966364163
"hemogram","CENTRE_A","Baso.","ok",73,"Genotype","MPL W515-JAK2 V617F",-0.127058823529412,-1.71774083699083,1.46362318993201,0.999996581405326
"hemogram","CENTRE_A","Baso.","ok",73,"Genotype","TN-JAK2 V617F",0.376018099547512,-0.77596467001643,1.52800086911145,0.969349135184421
"hemogram","CENTRE_A","Baso.","ok",73,"Genotype","VARIANT-JAK2 V617F",0.32436974789916,-1.07978066804998,1.7285201638483,0.995971423278543
"hemogram","CENTRE_A","Baso.","ok",73,"Genotype","CALR Type II-CALR Type I",-1.23333333333333,-2.97730431262926,0.510637645962591,0.356835154302865
"hemogram","CENTRE_A","Baso.","ok",73,"Genotype","CALR Type_Other-CALR Type I",-0.866666666666666,-2.95111067497007,1.21777734163674,0.894814836074211
"hemogram","CENTRE_A","Baso.","ok",73,"Genotype","MPL W515-CALR Type I",-0.913333333333333,-2.65730431262926,0.83063764596259,0.724466192997608
"hemogram","CENTRE_A","Baso.","ok",73,"Genotype","TN-CALR Type I",-0.410256410256409,-1.76606974919688,0.945556928684063,0.979907227158308
"hemogram","CENTRE_A","Baso.","ok",73,"Genotype","VARIANT-CALR Type I",-0.461904761904761,-2.03759632413604,1.11378680032652,0.983234163170006
"hemogram","CENTRE_A","Baso.","ok",73,"Genotype","CALR Type_Other-CALR Type II",0.366666666666666,-1.91672733974186,2.65006067307519,0.999610073160333
"hemogram","CENTRE_A","Baso.","ok",73,"Genotype","MPL W515-CALR Type II",0.319999999999999,-1.65747721639891,2.29747721639891,0.99958972613247
"hemogram","CENTRE_A","Baso.","ok",73,"Genotype","TN-CALR Type II",0.823076923076923,-0.822283576874169,2.46843742302801,0.767939009446803
"hemogram","CENTRE_A","Baso.","ok",73,"Genotype","VARIANT-CALR Type II",0.771428571428571,-1.05935958235581,2.60221672521296,0.888089866339129
"hemogram","CENTRE_A","Baso.","ok",73,"Genotype","MPL W515-CALR Type_Other",-0.046666666666667,-2.33006067307519,2.23672733974186,0.999999999742798
"hemogram","CENTRE_A","Baso.","ok",73,"Genotype","TN-CALR Type_Other",0.456410256410257,-1.54625876814795,2.45907928096846,0.996296141048669
"hemogram","CENTRE_A","Baso.","ok",73,"Genotype","VARIANT-CALR Type_Other",0.404761904761905,-1.75284262599966,2.56236643552347,0.99892278016337
"hemogram","CENTRE_A","Baso.","ok",73,"Genotype","TN-MPL W515",0.503076923076924,-1.14228357687417,2.14843742302802,0.978689381161658
"hemogram","CENTRE_A","Baso.","ok",73,"Genotype","VARIANT-MPL W515",0.451428571428572,-1.37935958235581,2.28221672521296,0.993985652347692
"hemogram","CENTRE_A","Baso.","ok",73,"Genotype","VARIANT-TN",-0.0516483516483519,-1.51745198701694,1.41415528372024,0.99999998842884
"hemogram","CENTRE_A","Lymph..10.6.ml.","ok",73,"Genotype","JAK2 V617F-CNTRL",-0.0356722689075624,-0.714702394144673,0.643357856329549,0.999999812763327
"hemogram","CENTRE_A","Lymph..10.6.ml.","ok",73,"Genotype","CALR Type I-CNTRL",-0.0376984126984121,-0.841548973876344,0.766152148479519,0.999999915031685
"hemogram","CENTRE_A","Lymph..10.6.ml.","ok",73,"Genotype","CALR Type II-CNTRL",-0.0661428571428568,-1.04636487691246,0.91407916262675,0.999998935219279
"hemogram","CENTRE_A","Lymph..10.6.ml.","ok",73,"Genotype","CALR Type_Other-CNTRL",0.301190476190476,-0.895815970343504,1.49819692272446,0.993198671287978
"hemogram","CENTRE_A","Lymph..10.6.ml.","ok",73,"Genotype","MPL W515-CNTRL",-0.0881428571428566,-1.06836487691246,0.89207916262675,0.999992271258257
"hemogram","CENTRE_A","Lymph..10.6.ml.","ok",73,"Genotype","TN-CNTRL",0.152472527472528,-0.572201776266921,0.877146831211977,0.997756206301062
"hemogram","CENTRE_A","Lymph..10.6.ml.","ok",73,"Genotype","VARIANT-CNTRL",0.0678571428571431,-0.803092977190773,0.938807262905059,0.999997121448782
"hemogram","CENTRE_A","Lymph..10.6.ml.","ok",73,"Genotype","CALR Type I-JAK2 V617F",-0.00202614379084975,-0.777625843772279,0.773573556190579,1
"hemogram","CENTRE_A","Lymph..10.6.ml.","ok",73,"Genotype","CALR Type II-JAK2 V617F",-0.0304705882352945,-0.987661466768106,0.926720290297517,0.999999994305282
"hemogram","CENTRE_A","Lymph..10.6.ml.","ok",73,"Genotype","CALR Type_Other-JAK2 V617F",0.336862745098039,-0.841357778806172,1.51508326900225,0.985486929961167
"hemogram","CENTRE_A","Lymph..10.6.ml.","ok",73,"Genotype","MPL W515-JAK2 V617F",-0.0524705882352943,-1.00966146676811,0.904720290297517,0.999999748301956
"hemogram","CENTRE_A","Lymph..10.6.ml.","ok",73,"Genotype","TN-JAK2 V617F",0.18814479638009,-0.50505937008565,0.881348962845831,0.98929920760663
"hemogram","CENTRE_A","Lymph..10.6.ml.","ok",73,"Genotype","VARIANT-JAK2 V617F",0.103529411764705,-0.741416315200457,0.948475138729868,0.999936152601383
"hemogram","CENTRE_A","Lymph..10.6.ml.","ok",73,"Genotype","CALR Type II-CALR Type I",-0.0284444444444447,-1.07787676321158,1.02098787432269,0.999999998148368
"hemogram","CENTRE_A","Lymph..10.6.ml.","ok",73,"Genotype","CALR Type_Other-CALR Type I",0.338888888888889,-0.915422642061721,1.5932004198395,0.989583847550035
"hemogram","CENTRE_A","Lymph..10.6.ml.","ok",73,"Genotype","MPL W515-CALR Type I",-0.0504444444444445,-1.09987676321158,0.998987874322689,0.999999899108779
"hemogram","CENTRE_A","Lymph..10.6.ml.","ok",73,"Genotype","TN-CALR Type I",0.19017094017094,-0.625688012180513,1.00602989252239,0.99574102934476
"hemogram","CENTRE_A","Lymph..10.6.ml.","ok",73,"Genotype","VARIANT-CALR Type I",0.105555555555555,-0.842614838014733,1.05372594912584,0.99996669131518
"hemogram","CENTRE_A","Lymph..10.6.ml.","ok",73,"Genotype","CALR Type_Other-CALR Type II",0.367333333333333,-1.00669610594764,1.74136277261431,0.990216430308398
"hemogram","CENTRE_A","Lymph..10.6.ml.","ok",73,"Genotype","MPL W515-CALR Type II",-0.0219999999999998,-1.21194439996501,1.16794439996501,0.99999999987241
"hemogram","CENTRE_A","Lymph..10.6.ml.","ok",73,"Genotype","TN-CALR Type II",0.218615384615385,-0.771478203621173,1.20870897285194,0.996959752598826
"hemogram","CENTRE_A","Lymph..10.6.ml.","ok",73,"Genotype","VARIANT-CALR Type II",0.134,-0.967674443099398,1.2356744430994,0.999939242425369
"hemogram","CENTRE_A","Lymph..10.6.ml.","ok",73,"Genotype","MPL W515-CALR Type_Other",-0.389333333333333,-1.76336277261431,0.984696105947643,0.986225011170864
"hemogram","CENTRE_A","Lymph..10.6.ml.","ok",73,"Genotype","TN-CALR Type_Other",-0.148717948717949,-1.35382148720327,1.05638558976737,0.999932990118549
"hemogram","CENTRE_A","Lymph..10.6.ml.","ok",73,"Genotype","VARIANT-CALR Type_Other",-0.233333333333333,-1.53166911562583,1.06500244895916,0.999184390099348
"hemogram","CENTRE_A","Lymph..10.6.ml.","ok",73,"Genotype","TN-MPL W515",0.240615384615384,-0.749478203621174,1.23070897285194,0.994495515963725
"hemogram","CENTRE_A","Lymph..10.6.ml.","ok",73,"Genotype","VARIANT-MPL W515",0.156,-0.945674443099398,1.2576744430994,0.999830974742933
"hemogram","CENTRE_A","Lymph..10.6.ml.","ok",73,"Genotype","VARIANT-TN",-0.0846153846153848,-0.966660857954155,0.797430088723385,0.999987950538509
"hemogram","CENTRE_A","Mono..10.6.ml.","ok",73,"Genotype","JAK2 V617F-CNTRL",0.109663865546218,-0.13443123101571,0.353758962108146,0.850791669784002
"hemogram","CENTRE_A","Mono..10.6.ml.","ok",73,"Genotype","CALR Type I-CNTRL",0.219206349206349,-0.0697587100148016,0.5081714084275,0.270661316950488
"hemogram","CENTRE_A","Mono..10.6.ml.","ok",73,"Genotype","CALR Type II-CNTRL",0.173428571428571,-0.178937810673018,0.525794953530161,0.782172118998446
"hemogram","CENTRE_A","Mono..10.6.ml.","ok",73,"Genotype","CALR Type_Other-CNTRL",0.0614285714285715,-0.368866629465401,0.491723772322544,0.999821528086475
"hemogram","CENTRE_A","Mono..10.6.ml.","ok",73,"Genotype","MPL W515-CNTRL",0.257428571428571,-0.0949378106730183,0.609794953530161,0.315951518793315
"hemogram","CENTRE_A","Mono..10.6.ml.","ok",73,"Genotype","TN-CNTRL",0.136043956043956,-0.124459131481742,0.396547043569654,0.727276195702597
"hemogram","CENTRE_A","Mono..10.6.ml.","ok",73,"Genotype","VARIANT-CNTRL",0.23,-0.0830857464968623,0.543085746496862,0.309142906645994
"hemogram","CENTRE_A","Mono..10.6.ml.","ok",73,"Genotype","CALR Type I-JAK2 V617F",0.109542483660131,-0.16926706634954,0.388352033669801,0.919745515798024
"hemogram","CENTRE_A","Mono..10.6.ml.","ok",73,"Genotype","CALR Type II-JAK2 V617F",0.0637647058823529,-0.28032253154629,0.407851943310996,0.999004765669617
"hemogram","CENTRE_A","Mono..10.6.ml.","ok",73,"Genotype","CALR Type_Other-JAK2 V617F",-0.0482352941176469,-0.47177740493816,0.375306816702867,0.999961121165946
"hemogram","CENTRE_A","Mono..10.6.ml.","ok",73,"Genotype","MPL W515-JAK2 V617F",0.147764705882353,-0.19632253154629,0.491851943310996,0.87792590925819
"hemogram","CENTRE_A","Mono..10.6.ml.","ok",73,"Genotype","TN-JAK2 V617F",0.0263800904977377,-0.222810235029425,0.2755704160249,0.999976360074325
"hemogram","CENTRE_A","Mono..10.6.ml.","ok",73,"Genotype","VARIANT-JAK2 V617F",0.120336134453782,-0.183401654412552,0.424073923320115,0.91641952473553
"hemogram","CENTRE_A","Mono..10.6.ml.","ok",73,"Genotype","CALR Type II-CALR Type I",-0.0457777777777777,-0.423023607769816,0.33146805221426,0.999940201944772
"hemogram","CENTRE_A","Mono..10.6.ml.","ok",73,"Genotype","CALR Type_Other-CALR Type I",-0.157777777777778,-0.60867278653636,0.293117230980805,0.955457240185185
"hemogram","CENTRE_A","Mono..10.6.ml.","ok",73,"Genotype","MPL W515-CALR Type I",0.0382222222222224,-0.339023607769816,0.41546805221426,0.9999824823134
"hemogram","CENTRE_A","Mono..10.6.ml.","ok",73,"Genotype","TN-CALR Type I",-0.0831623931623929,-0.376444181927804,0.210119395603019,0.986166491588504
"hemogram","CENTRE_A","Mono..10.6.ml.","ok",73,"Genotype","VARIANT-CALR Type I",0.0107936507936509,-0.330050937942206,0.351638239529508,0.999999994509446
"hemogram","CENTRE_A","Mono..10.6.ml.","ok",73,"Genotype","CALR Type_Other-CALR Type II",-0.112,-0.60593073472713,0.38193073472713,0.99641073637993
"hemogram","CENTRE_A","Mono..10.6.ml.","ok",73,"Genotype","MPL W515-CALR Type II",0.0840000000000001,-0.343756563983607,0.511756563983607,0.998554245148009
"hemogram","CENTRE_A","Mono..10.6.ml.","ok",73,"Genotype","TN-CALR Type II",-0.0373846153846152,-0.39329959035212,0.31853035958289,0.99997758961151
"hemogram","CENTRE_A","Mono..10.6.ml.","ok",73,"Genotype","VARIANT-CALR Type II",0.0565714285714286,-0.339454196174239,0.452597053317096,0.999820785165929
"hemogram","CENTRE_A","Mono..10.6.ml.","ok",73,"Genotype","MPL W515-CALR Type_Other",0.196,-0.29793073472713,0.68993073472713,0.915770316411735
"hemogram","CENTRE_A","Mono..10.6.ml.","ok",73,"Genotype","TN-CALR Type_Other",0.0746153846153846,-0.358590527259258,0.507821296490027,0.99938186499746
"hemogram","CENTRE_A","Mono..10.6.ml.","ok",73,"Genotype","VARIANT-CALR Type_Other",0.168571428571428,-0.298149246064072,0.635292103206929,0.947445479948051
"hemogram","CENTRE_A","Mono..10.6.ml.","ok",73,"Genotype","TN-MPL W515",-0.121384615384615,-0.477299590352121,0.23453035958289,0.961135275331332
"hemogram","CENTRE_A","Mono..10.6.ml.","ok",73,"Genotype","VARIANT-MPL W515",-0.0274285714285715,-0.423454196174239,0.368597053317096,0.999998724514982
"hemogram","CENTRE_A","Mono..10.6.ml.","ok",73,"Genotype","VARIANT-TN",0.0939560439560438,-0.223118216794106,0.411030304706193,0.982165297470366
"hemogram","CENTRE_A","Eos..10.6.ml.","ok",73,"Genotype","JAK2 V617F-CNTRL",0.0784453781512607,-0.0957180515281047,0.252608807830626,0.849131359309651
"hemogram","CENTRE_A","Eos..10.6.ml.","ok",73,"Genotype","CALR Type I-CNTRL",-0.0288095238095236,-0.23498796196872,0.177368914349673,0.999845374938794
"hemogram","CENTRE_A","Eos..10.6.ml.","ok",73,"Genotype","CALR Type II-CNTRL",-0.0561428571428569,-0.307558549120729,0.195272834835015,0.996737569460408
"hemogram","CENTRE_A","Eos..10.6.ml.","ok",73,"Genotype","CALR Type_Other-CNTRL",0.301190476190476,-0.00582793187186165,0.608208884252814,0.0582928798803993
"hemogram","CENTRE_A","Eos..10.6.ml.","ok",73,"Genotype","MPL W515-CNTRL",0.0538571428571429,-0.197558549120729,0.305272834835015,0.997486610007569
"hemogram","CENTRE_A","Eos..10.6.ml.","ok",73,"Genotype","TN-CNTRL",0.0855494505494507,-0.100321186774183,0.271420087873084,0.834447479977739
"hemogram","CENTRE_A","Eos..10.6.ml.","ok",73,"Genotype","VARIANT-CNTRL",0.0564285714285716,-0.166960133062606,0.279817275919749,0.993036299564903
"hemogram","CENTRE_A","Eos..10.6.ml.","ok",73,"Genotype","CALR Type I-JAK2 V617F",-0.107254901960784,-0.306187318633584,0.0916775147120155,0.694459994950855
"hemogram","CENTRE_A","Eos..10.6.ml.","ok",73,"Genotype","CALR Type II-JAK2 V617F",-0.134588235294118,-0.38009670401613,0.110920233427894,0.676460027820652
"hemogram","CENTRE_A","Eos..10.6.ml.","ok",73,"Genotype","CALR Type_Other-JAK2 V617F",0.222745098039216,-0.0794549365912377,0.524945132669669,0.305059258964693
"hemogram","CENTRE_A","Eos..10.6.ml.","ok",73,"Genotype","MPL W515-JAK2 V617F",-0.0245882352941178,-0.27009670401613,0.220920233427894,0.999983816832304
"hemogram","CENTRE_A","Eos..10.6.ml.","ok",73,"Genotype","TN-JAK2 V617F",0.00710407239818994,-0.17069483609286,0.18490298088924,0.999999972181026
"hemogram","CENTRE_A","Eos..10.6.ml.","ok",73,"Genotype","VARIANT-JAK2 V617F",-0.0220168067226892,-0.238735683001987,0.194702069556608,0.999982157686236
"hemogram","CENTRE_A","Eos..10.6.ml.","ok",73,"Genotype","CALR Type II-CALR Type I",-0.0273333333333333,-0.296500672247834,0.241834005581167,0.999982210242678
"hemogram","CENTRE_A","Eos..10.6.ml.","ok",73,"Genotype","CALR Type_Other-CALR Type I",0.33,0.00828349583098237,0.651716504169018,0.0404037161781819
"hemogram","CENTRE_A","Eos..10.6.ml.","ok",73,"Genotype","MPL W515-CALR Type I",0.0826666666666665,-0.186500672247834,0.351834005581167,0.978147313658209
"hemogram","CENTRE_A","Eos..10.6.ml.","ok",73,"Genotype","TN-CALR Type I",0.114358974358974,-0.0948994782413806,0.323617426959329,0.67987351880965
"hemogram","CENTRE_A","Eos..10.6.ml.","ok",73,"Genotype","VARIANT-CALR Type I",0.0852380952380951,-0.157956722675132,0.328432913151322,0.955072464345614
"hemogram","CENTRE_A","Eos..10.6.ml.","ok",73,"Genotype","CALR Type_Other-CALR Type II",0.357333333333333,0.00491056042318172,0.709756106243485,0.0445849839656178
"hemogram","CENTRE_A","Eos..10.6.ml.","ok",73,"Genotype","MPL W515-CALR Type II",0.11,-0.195207074212346,0.415207074212345,0.948023948448776
"hemogram","CENTRE_A","Eos..10.6.ml.","ok",73,"Genotype","TN-CALR Type II",0.141692307692308,-0.112255328240067,0.395639943624682,0.656769441265636
"hemogram","CENTRE_A","Eos..10.6.ml.","ok",73,"Genotype","VARIANT-CALR Type II",0.112571428571428,-0.169995415327134,0.395138272469991,0.914143022397617
"hemogram","CENTRE_A","Eos..10.6.ml.","ok",73,"Genotype","MPL W515-CALR Type_Other",-0.247333333333333,-0.599756106243485,0.105089439576818,0.366634471952168
"hemogram","CENTRE_A","Eos..10.6.ml.","ok",73,"Genotype","TN-CALR Type_Other",-0.215641025641026,-0.524736244808294,0.0934541935262427,0.374280628007441
"hemogram","CENTRE_A","Eos..10.6.ml.","ok",73,"Genotype","VARIANT-CALR Type_Other",-0.244761904761905,-0.577770123860495,0.0882463143366851,0.308509552086757
"hemogram","CENTRE_A","Eos..10.6.ml.","ok",73,"Genotype","TN-MPL W515",0.0316923076923077,-0.222255328240066,0.285639943624682,0.999927712647417
"hemogram","CENTRE_A","Eos..10.6.ml.","ok",73,"Genotype","VARIANT-MPL W515",0.00257142857142861,-0.279995415327134,0.285138272469991,0.999999999999202
"hemogram","CENTRE_A","Eos..10.6.ml.","ok",73,"Genotype","VARIANT-TN",-0.0291208791208791,-0.255355414320914,0.197113656079156,0.999910927141162
"hemogram","CENTRE_A","Baso..10.6.ml.","ok",73,"Genotype","JAK2 V617F-CNTRL",-0.0183193277310924,-0.103160718739393,0.0665220632772086,0.99735761957096
"hemogram","CENTRE_A","Baso..10.6.ml.","ok",73,"Genotype","CALR Type I-CNTRL",0.0361904761904762,-0.0642465990413838,0.136627551422336,0.948084560178212
"hemogram","CENTRE_A","Baso..10.6.ml.","ok",73,"Genotype","CALR Type II-CNTRL",-0.055142857142857,-0.177616656998467,0.0673309427127529,0.849378953736435
"hemogram","CENTRE_A","Baso..10.6.ml.","ok",73,"Genotype","CALR Type_Other-CNTRL",-0.0238095238095238,-0.173369444931409,0.125750397312362,0.999631716850516
"hemogram","CENTRE_A","Baso..10.6.ml.","ok",73,"Genotype","MPL W515-CNTRL",-0.0331428571428571,-0.155616656998467,0.0893309427127529,0.989484738387145
"hemogram","CENTRE_A","Baso..10.6.ml.","ok",73,"Genotype","TN-CNTRL",0.0143956043956045,-0.0761487966142296,0.104940005405439,0.999634881676611
"hemogram","CENTRE_A","Baso..10.6.ml.","ok",73,"Genotype","VARIANT-CNTRL",4.16333634234434e-17,-0.108820826849043,0.108820826849043,1
"hemogram","CENTRE_A","Baso..10.6.ml.","ok",73,"Genotype","CALR Type I-JAK2 V617F",0.0545098039215686,-0.0423974686225877,0.151417076465725,0.647530411330262
"hemogram","CENTRE_A","Baso..10.6.ml.","ok",73,"Genotype","CALR Type II-JAK2 V617F",-0.0368235294117646,-0.156419704274881,0.0827726454513517,0.977833465848713
"hemogram","CENTRE_A","Baso..10.6.ml.","ok",73,"Genotype","CALR Type_Other-JAK2 V617F",-0.00549019607843136,-0.152702910871691,0.141722518714829,0.999999982801248
"hemogram","CENTRE_A","Baso..10.6.ml.","ok",73,"Genotype","MPL W515-JAK2 V617F",-0.0148235294117647,-0.134419704274881,0.104772645451352,0.999930983438138
"hemogram","CENTRE_A","Baso..10.6.ml.","ok",73,"Genotype","TN-JAK2 V617F",0.0327149321266969,-0.0538974338786648,0.119327298132059,0.933974397254615
"hemogram","CENTRE_A","Baso..10.6.ml.","ok",73,"Genotype","VARIANT-JAK2 V617F",0.0183193277310925,-0.0872523812961208,0.123891036758306,0.999351076612607
"hemogram","CENTRE_A","Baso..10.6.ml.","ok",73,"Genotype","CALR Type II-CALR Type I",-0.0913333333333332,-0.222454611144358,0.0397879444776918,0.376310126579413
"hemogram","CENTRE_A","Baso..10.6.ml.","ok",73,"Genotype","CALR Type_Other-CALR Type I",-0.06,-0.21671990253222,0.0967199025322201,0.929365843381792
"hemogram","CENTRE_A","Baso..10.6.ml.","ok",73,"Genotype","MPL W515-CALR Type I",-0.0693333333333333,-0.200454611144358,0.0617879444776917,0.714736496021323
"hemogram","CENTRE_A","Baso..10.6.ml.","ok",73,"Genotype","TN-CALR Type I",-0.0217948717948717,-0.123732334966925,0.0801425913771811,0.997516730695964
"hemogram","CENTRE_A","Baso..10.6.ml.","ok",73,"Genotype","VARIANT-CALR Type I",-0.0361904761904761,-0.154659586931772,0.0822786345508199,0.978795527219092
"hemogram","CENTRE_A","Baso..10.6.ml.","ok",73,"Genotype","CALR Type_Other-CALR Type II",0.0313333333333333,-0.140344718320483,0.203011384987149,0.999098385606671
"hemogram","CENTRE_A","Baso..10.6.ml.","ok",73,"Genotype","MPL W515-CALR Type II",0.0219999999999999,-0.126677554004422,0.170677554004422,0.999773288253658
"hemogram","CENTRE_A","Baso..10.6.ml.","ok",73,"Genotype","TN-CALR Type II",0.0695384615384615,-0.0541687410323481,0.193245664109271,0.648292217703731
"hemogram","CENTRE_A","Baso..10.6.ml.","ok",73,"Genotype","VARIANT-CALR Type II",0.0551428571428571,-0.0825058107394554,0.19279152502517,0.911814043275803
"hemogram","CENTRE_A","Baso..10.6.ml.","ok",73,"Genotype","MPL W515-CALR Type_Other",-0.00933333333333333,-0.181011384987149,0.162344718320483,0.999999762380841
"hemogram","CENTRE_A","Baso..10.6.ml.","ok",73,"Genotype","TN-CALR Type_Other",0.0382051282051283,-0.112366483736857,0.188776740147114,0.992845646701904
"hemogram","CENTRE_A","Baso..10.6.ml.","ok",73,"Genotype","VARIANT-CALR Type_Other",0.0238095238095238,-0.13841098699194,0.186030034610987,0.999785247460291
"hemogram","CENTRE_A","Baso..10.6.ml.","ok",73,"Genotype","TN-MPL W515",0.0475384615384616,-0.0761687410323481,0.171245664109271,0.928041755719849
"hemogram","CENTRE_A","Baso..10.6.ml.","ok",73,"Genotype","VARIANT-MPL W515",0.0331428571428572,-0.104505810739455,0.17079152502517,0.994799487928836
"hemogram","CENTRE_A","Baso..10.6.ml.","ok",73,"Genotype","VARIANT-TN",-0.0143956043956044,-0.124602739704226,0.0958115309130171,0.999901667641728
"hemogram","CENTRE_Atratadosnotratados","EPO..mlU.ml.","ok",28,"Genotype","JAK2 V617F-CNTRL",9.1,-12.9336491098161,31.1336491098161,0.824475890171499
"hemogram","CENTRE_Atratadosnotratados","EPO..mlU.ml.","ok",28,"Genotype","CALR Type I-CNTRL",11.75,-15.7307886497762,39.2307886497762,0.800988723125383
"hemogram","CENTRE_Atratadosnotratados","EPO..mlU.ml.","ok",28,"Genotype","CALR Type II-CNTRL",18.55,-21.6777554719997,58.7777554719997,0.742357481606875
"hemogram","CENTRE_Atratadosnotratados","EPO..mlU.ml.","ok",28,"Genotype","MPL W515-CNTRL",-0.0499999999999954,-40.2777554719997,40.1777554719997,1
"hemogram","CENTRE_Atratadosnotratados","EPO..mlU.ml.","ok",28,"Genotype","TN-CNTRL",8.69285714285714,-13.8593017107015,31.2450159964158,0.865024188239442
"hemogram","CENTRE_Atratadosnotratados","EPO..mlU.ml.","ok",28,"Genotype","VARIANT-CNTRL",5.775,-19.6672664895642,31.2172664895642,0.988342636993423
"hemogram","CENTRE_Atratadosnotratados","EPO..mlU.ml.","ok",28,"Genotype","CALR Type I-JAK2 V617F",2.65000000000001,-21.7091156198694,27.0091156198695,0.99980352995689
"hemogram","CENTRE_Atratadosnotratados","EPO..mlU.ml.","ok",28,"Genotype","CALR Type II-JAK2 V617F",9.45000000000001,-28.7133997343463,47.6133997343463,0.981830866902019
"hemogram","CENTRE_Atratadosnotratados","EPO..mlU.ml.","ok",28,"Genotype","MPL W515-JAK2 V617F",-9.15,-47.3133997343463,29.0133997343463,0.984564890734288
"hemogram","CENTRE_Atratadosnotratados","EPO..mlU.ml.","ok",28,"Genotype","TN-JAK2 V617F",-0.407142857142858,-19.0289751494991,18.2146894352134,0.999999985717956
"hemogram","CENTRE_Atratadosnotratados","EPO..mlU.ml.","ok",28,"Genotype","VARIANT-JAK2 V617F",-3.325,-25.3586491098161,18.7086491098161,0.998724528096101
"hemogram","CENTRE_Atratadosnotratados","EPO..mlU.ml.","ok",28,"Genotype","CALR Type II-CALR Type I",6.8,-34.7470471995625,48.3470471995625,0.997992694916115
"hemogram","CENTRE_Atratadosnotratados","EPO..mlU.ml.","ok",28,"Genotype","MPL W515-CALR Type I",-11.8,-53.3470471995625,29.7470471995625,0.964439856198001
"hemogram","CENTRE_Atratadosnotratados","EPO..mlU.ml.","ok",28,"Genotype","TN-CALR Type I",-3.05714285714286,-27.8862525802846,21.7719668659989,0.999598601848818
"hemogram","CENTRE_Atratadosnotratados","EPO..mlU.ml.","ok",28,"Genotype","VARIANT-CALR Type I",-5.975,-33.4557886497762,21.5057886497762,0.990680713725855
"hemogram","CENTRE_Atratadosnotratados","EPO..mlU.ml.","ok",28,"Genotype","MPL W515-CALR Type II",-18.6,-69.4845329791284,32.2845329791284,0.890884134564261
"hemogram","CENTRE_Atratadosnotratados","EPO..mlU.ml.","ok",28,"Genotype","TN-CALR Type II",-9.85714285714286,-48.3222342406967,28.6079485264109,0.978433731216799
"hemogram","CENTRE_Atratadosnotratados","EPO..mlU.ml.","ok",28,"Genotype","VARIANT-CALR Type II",-12.775,-53.0027554719997,27.4527554719997,0.940385395636766
"hemogram","CENTRE_Atratadosnotratados","EPO..mlU.ml.","ok",28,"Genotype","TN-MPL W515",8.74285714285714,-29.7222342406967,47.2079485264109,0.988260427168007
"hemogram","CENTRE_Atratadosnotratados","EPO..mlU.ml.","ok",28,"Genotype","VARIANT-MPL W515",5.825,-34.4027554719997,46.0527554719997,0.998989183777137
"hemogram","CENTRE_Atratadosnotratados","EPO..mlU.ml.","ok",28,"Genotype","VARIANT-TN",-2.91785714285714,-25.4700159964158,19.6343017107015,0.999466832494501
"hemogram","CENTRE_Atratadosnotratados","TPO..pg.ml.","ok",28,"Genotype","JAK2 V617F-CNTRL",-18.24,-222.043292495782,185.563292495782,0.999984024713355
"hemogram","CENTRE_Atratadosnotratados","TPO..pg.ml.","ok",28,"Genotype","CALR Type I-CNTRL",0.859999999999928,-244.936018999114,246.656018999114,1
"hemogram","CENTRE_Atratadosnotratados","TPO..pg.ml.","ok",28,"Genotype","CALR Type II-CNTRL",-38.14,-406.834028498671,330.554028498671,0.99995725258724
"hemogram","CENTRE_Atratadosnotratados","TPO..pg.ml.","ok",28,"Genotype","CALR Type_Other-CNTRL",-53.34,-422.034028498671,315.354028498671,0.99959970772078
"hemogram","CENTRE_Atratadosnotratados","TPO..pg.ml.","ok",28,"Genotype","MPL W515-CNTRL",-23.9400000000001,-305.534715645561,257.654715645561,0.999988754039497
"hemogram","CENTRE_Atratadosnotratados","TPO..pg.ml.","ok",28,"Genotype","TN-CNTRL",-15.2650000000001,-207.13945583297,176.60945583297,0.999992862184781
"hemogram","CENTRE_Atratadosnotratados","TPO..pg.ml.","ok",28,"Genotype","VARIANT-CNTRL",-15.7400000000001,-297.334715645561,265.854715645561,0.999999374968958
"hemogram","CENTRE_Atratadosnotratados","TPO..pg.ml.","ok",28,"Genotype","CALR Type I-JAK2 V617F",19.0999999999999,-218.890972036913,257.090972036913,0.999992421511498
"hemogram","CENTRE_Atratadosnotratados","TPO..pg.ml.","ok",28,"Genotype","CALR Type II-JAK2 V617F",-19.9,-383.437214691757,343.637214691757,0.999999459261639
"hemogram","CENTRE_Atratadosnotratados","TPO..pg.ml.","ok",28,"Genotype","CALR Type_Other-JAK2 V617F",-35.1,-398.637214691757,328.437214691757,0.999973221316831
"hemogram","CENTRE_Atratadosnotratados","TPO..pg.ml.","ok",28,"Genotype","MPL W515-JAK2 V617F",-5.70000000000007,-280.508303540424,269.108303540424,0.999999999375996
"hemogram","CENTRE_Atratadosnotratados","TPO..pg.ml.","ok",28,"Genotype","TN-JAK2 V617F",2.97499999999988,-178.793607345879,184.743607345878,0.999999999880942
"hemogram","CENTRE_Atratadosnotratados","TPO..pg.ml.","ok",28,"Genotype","VARIANT-JAK2 V617F",2.49999999999994,-272.308303540424,277.308303540424,0.999999999998138
"hemogram","CENTRE_Atratadosnotratados","TPO..pg.ml.","ok",28,"Genotype","CALR Type II-CALR Type I",-39,-427.63762991961,349.63762991961,0.999965202223552
"hemogram","CENTRE_Atratadosnotratados","TPO..pg.ml.","ok",28,"Genotype","CALR Type_Other-CALR Type I",-54.2,-442.83762991961,334.43762991961,0.999685387444158
"hemogram","CENTRE_Atratadosnotratados","TPO..pg.ml.","ok",28,"Genotype","MPL W515-CALR Type I",-24.8,-332.045023748893,282.445023748892,0.999992117152681
"hemogram","CENTRE_Atratadosnotratados","TPO..pg.ml.","ok",28,"Genotype","TN-CALR Type I",-16.1250000000001,-243.984008029421,211.734008029421,0.99999680851154
"hemogram","CENTRE_Atratadosnotratados","TPO..pg.ml.","ok",28,"Genotype","VARIANT-CALR Type I",-16.6,-323.845023748892,290.645023748893,0.999999506150964
"hemogram","CENTRE_Atratadosnotratados","TPO..pg.ml.","ok",28,"Genotype","CALR Type_Other-CALR Type II",-15.2,-491.181944073825,460.781944073825,0.999999987288518
"hemogram","CENTRE_Atratadosnotratados","TPO..pg.ml.","ok",28,"Genotype","MPL W515-CALR Type II",14.2,-398.012455310637,426.412455310636,0.999999978433185
"hemogram","CENTRE_Atratadosnotratados","TPO..pg.ml.","ok",28,"Genotype","TN-CALR Type II",22.8749999999999,-334.111458055369,379.861458055369,0.999998391322881
"hemogram","CENTRE_Atratadosnotratados","TPO..pg.ml.","ok",28,"Genotype","VARIANT-CALR Type II",22.4,-389.812455310637,434.612455310637,0.999999486007948
"hemogram","CENTRE_Atratadosnotratados","TPO..pg.ml.","ok",28,"Genotype","MPL W515-CALR Type_Other",29.3999999999999,-382.812455310637,441.612455310637,0.999996632072828
"hemogram","CENTRE_Atratadosnotratados","TPO..pg.ml.","ok",28,"Genotype","TN-CALR Type_Other",38.0749999999999,-318.911458055369,395.061458055369,0.999947444825669
"hemogram","CENTRE_Atratadosnotratados","TPO..pg.ml.","ok",28,"Genotype","VARIANT-CALR Type_Other",37.6,-374.612455310637,449.812455310636,0.999981814051332
"hemogram","CENTRE_Atratadosnotratados","TPO..pg.ml.","ok",28,"Genotype","TN-MPL W515",8.67499999999995,-257.406995752894,274.756995752894,0.999999985310968
"hemogram","CENTRE_Atratadosnotratados","TPO..pg.ml.","ok",28,"Genotype","VARIANT-MPL W515",8.20000000000002,-328.370060376958,344.770060376958,0.999999998078424
"hemogram","CENTRE_Atratadosnotratados","TPO..pg.ml.","ok",28,"Genotype","VARIANT-TN",-0.474999999999937,-266.556995752894,265.606995752894,1
"hemogram","CENTRE_Atratadosnotratados","HGB.gr.dl.","ok",72,"Genotype","JAK2 V617F-CNTRL",0.277142857142859,-1.2520478301899,1.80633354447562,0.999134306663212
"hemogram","CENTRE_Atratadosnotratados","HGB.gr.dl.","ok",72,"Genotype","CALR Type I-CNTRL",-0.576190476190474,-2.33432028909774,1.1819393367168,0.968548130592135
"hemogram","CENTRE_Atratadosnotratados","HGB.gr.dl.","ok",72,"Genotype","CALR Type II-CNTRL",-0.409523809523808,-2.41744955268352,1.59840193363591,0.998149616371295
"hemogram","CENTRE_Atratadosnotratados","HGB.gr.dl.","ok",72,"Genotype","CALR Type_Other-CNTRL",0.857142857142856,-1.76087200971217,3.47515772399788,0.968719300372203
"hemogram","CENTRE_Atratadosnotratados","HGB.gr.dl.","ok",72,"Genotype","MPL W515-CNTRL",0.977142857142859,-1.16673517125558,3.1210208855413,0.840813919142173
"hemogram","CENTRE_Atratadosnotratados","HGB.gr.dl.","ok",72,"Genotype","TN-CNTRL",-0.121428571428572,-1.67676116416432,1.43390402130718,0.999997064255966
"hemogram","CENTRE_Atratadosnotratados","HGB.gr.dl.","ok",72,"Genotype","VARIANT-CNTRL",0.457142857142857,-1.55078288601686,2.46506860030257,0.996302528380636
"hemogram","CENTRE_Atratadosnotratados","HGB.gr.dl.","ok",72,"Genotype","CALR Type I-JAK2 V617F",-0.853333333333333,-2.58837947774347,0.881712811076803,0.782321915254791
"hemogram","CENTRE_Atratadosnotratados","HGB.gr.dl.","ok",72,"Genotype","CALR Type II-JAK2 V617F",-0.686666666666667,-2.67441173941685,1.30107840608352,0.958238261794383
"hemogram","CENTRE_Atratadosnotratados","HGB.gr.dl.","ok",72,"Genotype","CALR Type_Other-JAK2 V617F",0.579999999999997,-2.02256921661521,3.1825692166152,0.996763470390873
"hemogram","CENTRE_Atratadosnotratados","HGB.gr.dl.","ok",72,"Genotype","MPL W515-JAK2 V617F",0.699999999999999,-1.42498886699407,2.82498886699406,0.967656746881151
"hemogram","CENTRE_Atratadosnotratados","HGB.gr.dl.","ok",72,"Genotype","TN-JAK2 V617F",-0.398571428571431,-1.92776211590419,1.13061925876133,0.991554384681195
"hemogram","CENTRE_Atratadosnotratados","HGB.gr.dl.","ok",72,"Genotype","VARIANT-JAK2 V617F",0.179999999999998,-1.80774507275019,2.16774507275018,0.99999184531417
"hemogram","CENTRE_Atratadosnotratados","HGB.gr.dl.","ok",72,"Genotype","CALR Type II-CALR Type I",0.166666666666666,-2.002141013846,2.33547434717934,0.999997368036882
"hemogram","CENTRE_Atratadosnotratados","HGB.gr.dl.","ok",72,"Genotype","CALR Type_Other-CALR Type I",1.43333333333333,-1.3100154975814,4.17668216424806,0.726289562515641
"hemogram","CENTRE_Atratadosnotratados","HGB.gr.dl.","ok",72,"Genotype","MPL W515-CALR Type I",1.55333333333333,-0.741916972332008,3.84858363899867,0.413322278602716
"hemogram","CENTRE_Atratadosnotratados","HGB.gr.dl.","ok",72,"Genotype","TN-CALR Type I",0.454761904761902,-1.30336790814537,2.21289171766917,0.991931788613168
"hemogram","CENTRE_Atratadosnotratados","HGB.gr.dl.","ok",72,"Genotype","VARIANT-CALR Type I",1.03333333333333,-1.13547434717934,3.202141013846,0.808345780055871
"hemogram","CENTRE_Atratadosnotratados","HGB.gr.dl.","ok",72,"Genotype","CALR Type_Other-CALR Type II",1.26666666666666,-1.64309417558332,4.17642750891665,0.869850425346006
"hemogram","CENTRE_Atratadosnotratados","HGB.gr.dl.","ok",72,"Genotype","MPL W515-CALR Type II",1.38666666666667,-1.10510365113291,3.87843698446624,0.659168764197347
"hemogram","CENTRE_Atratadosnotratados","HGB.gr.dl.","ok",72,"Genotype","TN-CALR Type II",0.288095238095236,-1.71983050506448,2.29602098125495,0.999814472825281
"hemogram","CENTRE_Atratadosnotratados","HGB.gr.dl.","ok",72,"Genotype","VARIANT-CALR Type II",0.866666666666665,-1.50914311234783,3.24247644568116,0.944496607397232
"hemogram","CENTRE_Atratadosnotratados","HGB.gr.dl.","ok",72,"Genotype","MPL W515-CALR Type_Other",0.120000000000003,-2.88518807559484,3.12518807559485,0.999999972147214
"hemogram","CENTRE_Atratadosnotratados","HGB.gr.dl.","ok",72,"Genotype","TN-CALR Type_Other",-0.978571428571428,-3.59658629542646,1.6394434382836,0.937160561028794
"hemogram","CENTRE_Atratadosnotratados","HGB.gr.dl.","ok",72,"Genotype","VARIANT-CALR Type_Other",-0.399999999999999,-3.30976084224999,2.50976084224999,0.999860677017749
"hemogram","CENTRE_Atratadosnotratados","HGB.gr.dl.","ok",72,"Genotype","TN-MPL W515",-1.09857142857143,-3.24244945696987,1.04530659982701,0.74521217204932
"hemogram","CENTRE_Atratadosnotratados","HGB.gr.dl.","ok",72,"Genotype","VARIANT-MPL W515",-0.520000000000001,-3.01177031779958,1.97177031779957,0.997859376531036
"hemogram","CENTRE_Atratadosnotratados","HGB.gr.dl.","ok",72,"Genotype","VARIANT-TN",0.578571428571429,-1.42935431458829,2.58649717173115,0.984754779406022
"hemogram","CENTRE_Atratadosnotratados","HCT....","ok",72,"Genotype","JAK2 V617F-CNTRL",-0.331674208144783,-5.22480549506423,4.56145707877467,0.999998895264544
"hemogram","CENTRE_Atratadosnotratados","HCT....","ok",72,"Genotype","CALR Type I-CNTRL",-3.3957264957265,-9.15464307266764,2.36319008121464,0.59087282870477
"hemogram","CENTRE_Atratadosnotratados","HCT....","ok",72,"Genotype","CALR Type II-CNTRL",-0.0179487179487126,-6.57263449501889,6.53673705912146,1
"hemogram","CENTRE_Atratadosnotratados","HCT....","ok",72,"Genotype","CALR Type_Other-CNTRL",0.315384615384616,-8.19109891919075,8.82186814995998,0.999999983400628
"hemogram","CENTRE_Atratadosnotratados","HCT....","ok",72,"Genotype","MPL W515-CNTRL",-1.58461538461538,-8.57340476001519,5.40417399078442,0.996395712282094
"hemogram","CENTRE_Atratadosnotratados","HCT....","ok",72,"Genotype","TN-CNTRL",-1.15384615384615,-6.36298219512023,4.05528988742794,0.996884322656522
"hemogram","CENTRE_Atratadosnotratados","HCT....","ok",72,"Genotype","VARIANT-CNTRL",0.61538461538462,-5.93930116168556,7.1700703924548,0.999989550711102
"hemogram","CENTRE_Atratadosnotratados","HCT....","ok",72,"Genotype","CALR Type I-JAK2 V617F",-3.06405228758172,-8.53879023881708,2.41068566365365,0.652721198074506
"hemogram","CENTRE_Atratadosnotratados","HCT....","ok",72,"Genotype","CALR Type II-JAK2 V617F",0.31372549019607,-5.99274270766677,6.62019368805891,0.999999871170098
"hemogram","CENTRE_Atratadosnotratados","HCT....","ok",72,"Genotype","CALR Type_Other-JAK2 V617F",0.647058823529399,-7.66966514799515,8.96378279505395,0.999997133712824
"hemogram","CENTRE_Atratadosnotratados","HCT....","ok",72,"Genotype","MPL W515-JAK2 V617F",-1.2529411764706,-8.0094796710128,5.5035973180716,0.998995469197748
"hemogram","CENTRE_Atratadosnotratados","HCT....","ok",72,"Genotype","TN-JAK2 V617F",-0.822171945701363,-5.71530323262081,4.07095934121809,0.999471853235102
"hemogram","CENTRE_Atratadosnotratados","HCT....","ok",72,"Genotype","VARIANT-JAK2 V617F",0.947058823529403,-5.35940937433344,7.25352702139224,0.999748589866318
"hemogram","CENTRE_Atratadosnotratados","HCT....","ok",72,"Genotype","CALR Type II-CALR Type I",3.37777777777779,-3.62178845733942,10.377344012895,0.798170417597458
"hemogram","CENTRE_Atratadosnotratados","HCT....","ok",72,"Genotype","CALR Type_Other-CALR Type I",3.71111111111112,-5.1427176633609,12.5649398855831,0.89046780431877
"hemogram","CENTRE_Atratadosnotratados","HCT....","ok",72,"Genotype","MPL W515-CALR Type I",1.81111111111112,-5.5965335062668,9.21875572848903,0.994263435372076
"hemogram","CENTRE_Atratadosnotratados","HCT....","ok",72,"Genotype","TN-CALR Type I",2.24188034188035,-3.51703623506079,8.00079691882149,0.923047839066278
"hemogram","CENTRE_Atratadosnotratados","HCT....","ok",72,"Genotype","VARIANT-CALR Type I",4.01111111111112,-2.98845512400609,11.0106773462283,0.625284075473441
"hemogram","CENTRE_Atratadosnotratados","HCT....","ok",72,"Genotype","CALR Type_Other-CALR Type II",0.333333333333329,-9.05757021550728,9.72423688217394,0.999999987752339
"hemogram","CENTRE_Atratadosnotratados","HCT....","ok",72,"Genotype","MPL W515-CALR Type II",-1.56666666666667,-9.6085560139113,6.47522268057796,0.99861969918272
"hemogram","CENTRE_Atratadosnotratados","HCT....","ok",72,"Genotype","TN-CALR Type II",-1.13589743589743,-7.69058321296761,5.41878834117274,0.999353450961905
"hemogram","CENTRE_Atratadosnotratados","HCT....","ok",72,"Genotype","VARIANT-CALR Type II",0.633333333333333,-7.03430730611707,8.30097397278374,0.999995669515497
"hemogram","CENTRE_Atratadosnotratados","HCT....","ok",72,"Genotype","MPL W515-CALR Type_Other",-1.9,-11.5988834801333,7.79888348013328,0.998569602858432
"hemogram","CENTRE_Atratadosnotratados","HCT....","ok",72,"Genotype","TN-CALR Type_Other",-1.46923076923076,-9.97571430380613,7.0372527653446,0.999367385593913
"hemogram","CENTRE_Atratadosnotratados","HCT....","ok",72,"Genotype","VARIANT-CALR Type_Other",0.300000000000004,-9.09090354884061,9.69090354884061,0.999999994130848
"hemogram","CENTRE_Atratadosnotratados","HCT....","ok",72,"Genotype","TN-MPL W515",0.430769230769236,-6.55802014463057,7.41955860616904,0.999999428500037
"hemogram","CENTRE_Atratadosnotratados","HCT....","ok",72,"Genotype","VARIANT-MPL W515",2.2,-5.84188934724462,10.2418893472446,0.988740486862201
"hemogram","CENTRE_Atratadosnotratados","HCT....","ok",72,"Genotype","VARIANT-TN",1.76923076923077,-4.78545500783941,8.32391654630094,0.989599069955556
"hemogram","CENTRE_Atratadosnotratados","MCH..pg.","ok",72,"Genotype","JAK2 V617F-CNTRL",0.804201680672271,-1.91578802821201,3.52419138955656,0.98231977110042
"hemogram","CENTRE_Atratadosnotratados","MCH..pg.","ok",72,"Genotype","CALR Type I-CNTRL",1.0015873015873,-2.21839539523537,4.22156999840998,0.97643651337128
"hemogram","CENTRE_Atratadosnotratados","MCH..pg.","ok",72,"Genotype","CALR Type II-CNTRL",1.65714285714286,-2.02033653147388,5.3346222457596,0.848440972151063
"hemogram","CENTRE_Atratadosnotratados","MCH..pg.","ok",72,"Genotype","CALR Type_Other-CNTRL",2.75714285714286,-2.03770363792783,7.55198935221354,0.62121531573422
"hemogram","CENTRE_Atratadosnotratados","MCH..pg.","ok",72,"Genotype","MPL W515-CNTRL",3.03714285714286,-0.889330663106465,6.96361637739218,0.248004500104196
"hemogram","CENTRE_Atratadosnotratados","MCH..pg.","ok",72,"Genotype","TN-CNTRL",1.35714285714285,-1.6794358082567,4.39372152254241,0.853764872962583
"hemogram","CENTRE_Atratadosnotratados","MCH..pg.","ok",72,"Genotype","VARIANT-CNTRL",1.32857142857143,-2.16019184633429,4.81733470347715,0.93099434828994
"hemogram","CENTRE_Atratadosnotratados","MCH..pg.","ok",72,"Genotype","CALR Type I-JAK2 V617F",0.197385620915032,-2.90943265379195,3.30420389562201,0.999999294821038
"hemogram","CENTRE_Atratadosnotratados","MCH..pg.","ok",72,"Genotype","CALR Type II-JAK2 V617F",0.852941176470587,-2.72586950277983,4.431751855721,0.99509356844449
"hemogram","CENTRE_Atratadosnotratados","MCH..pg.","ok",72,"Genotype","CALR Type_Other-JAK2 V617F",1.95294117647058,-2.76665458328548,6.67253693622665,0.896842463343099
"hemogram","CENTRE_Atratadosnotratados","MCH..pg.","ok",72,"Genotype","MPL W515-JAK2 V617F",2.23294117647059,-1.60127654419095,6.06715889713212,0.60599391183356
"hemogram","CENTRE_Atratadosnotratados","MCH..pg.","ok",72,"Genotype","TN-JAK2 V617F",0.552941176470583,-2.36336491435315,3.46924726729431,0.998840600240318
"hemogram","CENTRE_Atratadosnotratados","MCH..pg.","ok",72,"Genotype","VARIANT-JAK2 V617F",0.524369747899158,-2.86022777803309,3.90896727383141,0.999690780024252
"hemogram","CENTRE_Atratadosnotratados","MCH..pg.","ok",72,"Genotype","CALR Type II-CALR Type I",0.655555555555555,-3.31657616800521,4.62768727911632,0.999530574485419
"hemogram","CENTRE_Atratadosnotratados","MCH..pg.","ok",72,"Genotype","CALR Type_Other-CALR Type I",1.75555555555555,-3.26883780950937,6.77994892062048,0.955645346883039
"hemogram","CENTRE_Atratadosnotratados","MCH..pg.","ok",72,"Genotype","MPL W515-CALR Type I",2.03555555555555,-2.1681535305773,6.23926464168841,0.795368808454879
"hemogram","CENTRE_Atratadosnotratados","MCH..pg.","ok",72,"Genotype","TN-CALR Type I",0.355555555555551,-3.03188976013245,3.74300087124355,0.999977579582869
"hemogram","CENTRE_Atratadosnotratados","MCH..pg.","ok",72,"Genotype","VARIANT-CALR Type I",0.326984126984126,-3.47110025385152,4.12506850781977,0.999994239530798
"hemogram","CENTRE_Atratadosnotratados","MCH..pg.","ok",72,"Genotype","CALR Type_Other-CALR Type II",1.1,-4.22917392967916,6.42917392967916,0.99800322219519
"hemogram","CENTRE_Atratadosnotratados","MCH..pg.","ok",72,"Genotype","MPL W515-CALR Type II",1.38,-3.18363190525918,5.94363190525917,0.979902782130242
"hemogram","CENTRE_Atratadosnotratados","MCH..pg.","ok",72,"Genotype","TN-CALR Type II",-0.300000000000004,-4.12496429429611,3.52496429429611,0.999996969606972
"hemogram","CENTRE_Atratadosnotratados","MCH..pg.","ok",72,"Genotype","VARIANT-CALR Type II",-0.328571428571429,-4.52154305378084,3.86440019663798,0.99999698814235
"hemogram","CENTRE_Atratadosnotratados","MCH..pg.","ok",72,"Genotype","MPL W515-CALR Type_Other",0.280000000000001,-5.2239471676507,5.7839471676507,0.999999849454385
"hemogram","CENTRE_Atratadosnotratados","MCH..pg.","ok",72,"Genotype","TN-CALR Type_Other",-1.4,-6.30887462767495,3.50887462767494,0.985635867722475
"hemogram","CENTRE_Atratadosnotratados","MCH..pg.","ok",72,"Genotype","VARIANT-CALR Type_Other",-1.42857142857143,-6.62931265530074,3.77216979815789,0.988466657822867
"hemogram","CENTRE_Atratadosnotratados","MCH..pg.","ok",72,"Genotype","TN-MPL W515",-1.68,-5.7449343788256,2.3849343788256,0.897429336617956
"hemogram","CENTRE_Atratadosnotratados","MCH..pg.","ok",72,"Genotype","VARIANT-MPL W515",-1.70857142857143,-6.12154669491152,2.70440383776866,0.925087703385836
"hemogram","CENTRE_Atratadosnotratados","MCH..pg.","ok",72,"Genotype","VARIANT-TN",-0.0285714285714249,-3.67246582705089,3.61532296990804,1
"hemogram","CENTRE_Atratadosnotratados","MCHC..gr.dl.","ok",72,"Genotype","JAK2 V617F-CNTRL",0.231221719457011,-1.10654865204936,1.56899209096338,0.999364453569356
"hemogram","CENTRE_Atratadosnotratados","MCHC..gr.dl.","ok",72,"Genotype","CALR Type I-CNTRL",-0.0145299145299163,-1.58900391019068,1.55994408113085,0.999999999999095
"hemogram","CENTRE_Atratadosnotratados","MCHC..gr.dl.","ok",72,"Genotype","CALR Type II-CNTRL",0.0410256410256409,-1.75100974754844,1.83306102959972,0.99999999942808
"hemogram","CENTRE_Atratadosnotratados","MCHC..gr.dl.","ok",72,"Genotype","CALR Type_Other-CNTRL",0.341025641025638,-1.98462657858321,2.66667786063449,0.999785470101608
"hemogram","CENTRE_Atratadosnotratados","MCHC..gr.dl.","ok",72,"Genotype","MPL W515-CNTRL",0.657692307692308,-1.41836755180999,2.73375216719461,0.973905891842172
"hemogram","CENTRE_Atratadosnotratados","MCHC..gr.dl.","ok",72,"Genotype","TN-CNTRL",0.723076923076924,-0.701088391226277,2.14724223738012,0.753890136903131
"hemogram","CENTRE_Atratadosnotratados","MCHC..gr.dl.","ok",72,"Genotype","VARIANT-CNTRL",0.364835164835164,-1.33736796324173,2.06703829291206,0.997466159080281
"hemogram","CENTRE_Atratadosnotratados","MCHC..gr.dl.","ok",72,"Genotype","CALR Type I-JAK2 V617F",-0.245751633986927,-1.74253187417849,1.25102860620464,0.999546291561709
"hemogram","CENTRE_Atratadosnotratados","MCHC..gr.dl.","ok",72,"Genotype","CALR Type II-JAK2 V617F",-0.19019607843137,-1.91436937549806,1.53397721863532,0.999968535966306
"hemogram","CENTRE_Atratadosnotratados","MCHC..gr.dl.","ok",72,"Genotype","CALR Type_Other-JAK2 V617F",0.109803921568627,-2.16396848810379,2.38357633124105,0.999999895224821
"hemogram","CENTRE_Atratadosnotratados","MCHC..gr.dl.","ok",72,"Genotype","MPL W515-JAK2 V617F",0.426470588235297,-1.59130225939961,2.4442434358702,0.997680033393033
"hemogram","CENTRE_Atratadosnotratados","MCHC..gr.dl.","ok",72,"Genotype","TN-JAK2 V617F",0.491855203619913,-0.845915167886459,1.82962557512628,0.942214843805682
"hemogram","CENTRE_Atratadosnotratados","MCHC..gr.dl.","ok",72,"Genotype","VARIANT-JAK2 V617F",0.133613445378153,-1.49699325571525,1.76422014647156,0.999995901551395
"hemogram","CENTRE_Atratadosnotratados","MCHC..gr.dl.","ok",72,"Genotype","CALR Type II-CALR Type I",0.0555555555555571,-1.85810908446095,1.96922019557206,0.999999996991693
"hemogram","CENTRE_Atratadosnotratados","MCHC..gr.dl.","ok",72,"Genotype","CALR Type_Other-CALR Type I",0.355555555555554,-2.06506002051579,2.7761711316269,0.999783021997566
"hemogram","CENTRE_Atratadosnotratados","MCHC..gr.dl.","ok",72,"Genotype","MPL W515-CALR Type I",0.672222222222224,-1.50969117220578,2.85413561665023,0.97766931092167
"hemogram","CENTRE_Atratadosnotratados","MCHC..gr.dl.","ok",72,"Genotype","TN-CALR Type I",0.73760683760684,-0.836867158053922,2.3120808332676,0.821229674699283
"hemogram","CENTRE_Atratadosnotratados","MCHC..gr.dl.","ok",72,"Genotype","VARIANT-CALR Type I",0.37936507936508,-1.45044830177038,2.20917846050054,0.997946462196752
"hemogram","CENTRE_Atratadosnotratados","MCHC..gr.dl.","ok",72,"Genotype","CALR Type_Other-CALR Type II",0.299999999999997,-2.26745053272874,2.86745053272874,0.999953468596566
"hemogram","CENTRE_Atratadosnotratados","MCHC..gr.dl.","ok",72,"Genotype","MPL W515-CALR Type II",0.616666666666667,-1.72708428675698,2.96041762009031,0.991064590427328
"hemogram","CENTRE_Atratadosnotratados","MCHC..gr.dl.","ok",72,"Genotype","TN-CALR Type II",0.682051282051283,-1.1099841065228,2.47408667062537,0.93118679184228
"hemogram","CENTRE_Atratadosnotratados","MCHC..gr.dl.","ok",72,"Genotype","VARIANT-CALR Type II",0.323809523809523,-1.69624975271488,2.34386880033393,0.999612624741319
"hemogram","CENTRE_Atratadosnotratados","MCHC..gr.dl.","ok",72,"Genotype","MPL W515-CALR Type_Other",0.31666666666667,-2.45649685976734,3.08983019310068,0.999960199270835
"hemogram","CENTRE_Atratadosnotratados","MCHC..gr.dl.","ok",72,"Genotype","TN-CALR Type_Other",0.382051282051286,-1.94360093755756,2.70770350166013,0.999544648364559
"hemogram","CENTRE_Atratadosnotratados","MCHC..gr.dl.","ok",72,"Genotype","VARIANT-CALR Type_Other",0.0238095238095255,-2.4817656383722,2.52938468599125,0.999999999998873
"hemogram","CENTRE_Atratadosnotratados","MCHC..gr.dl.","ok",72,"Genotype","TN-MPL W515",0.065384615384616,-2.01067524411768,2.14144447488692,0.999999994685936
"hemogram","CENTRE_Atratadosnotratados","MCHC..gr.dl.","ok",72,"Genotype","VARIANT-MPL W515",-0.292857142857144,-2.56865880095636,1.98294451524207,0.999910631858846
"hemogram","CENTRE_Atratadosnotratados","MCHC..gr.dl.","ok",72,"Genotype","VARIANT-TN",-0.358241758241761,-2.06044488631866,1.34396136983513,0.997741750530818
"hemogram","CENTRE_Atratadosnotratados","Lymph.","ok",73,"Genotype","JAK2 V617F-CNTRL",-0.0907563025210152,-4.90299284526124,4.72148024021921,0.999999999853376
"hemogram","CENTRE_Atratadosnotratados","Lymph.","ok",73,"Genotype","CALR Type I-CNTRL",-1.63650793650794,-7.33333772598436,4.06032185296848,0.985082708363394
"hemogram","CENTRE_Atratadosnotratados","Lymph.","ok",73,"Genotype","CALR Type II-CNTRL",-2.43428571428571,-9.38104705552485,4.51247562695343,0.955121604892809
"hemogram","CENTRE_Atratadosnotratados","Lymph.","ok",73,"Genotype","CALR Type_Other-CNTRL",0.585714285714285,-7.89738233963059,9.06881091105916,0.999998751646514
"hemogram","CENTRE_Atratadosnotratados","Lymph.","ok",73,"Genotype","MPL W515-CNTRL",-4.27428571428572,-11.2210470555249,2.67247562695342,0.538026925559059
"hemogram","CENTRE_Atratadosnotratados","Lymph.","ok",73,"Genotype","TN-CNTRL",-0.875824175824182,-6.01153765366446,4.2598893020161,0.999420821573095
"hemogram","CENTRE_Atratadosnotratados","Lymph.","ok",73,"Genotype","VARIANT-CNTRL",-0.671428571428574,-6.84378799824345,5.5009308553863,0.999971546194938
"hemogram","CENTRE_Atratadosnotratados","Lymph.","ok",73,"Genotype","CALR Type I-JAK2 V617F",-1.54575163398692,-7.04236964852005,3.9508663805462,0.986818534791665
"hemogram","CENTRE_Atratadosnotratados","Lymph.","ok",73,"Genotype","CALR Type II-JAK2 V617F",-2.3435294117647,-9.12707074941119,4.44001192588179,0.958372498077136
"hemogram","CENTRE_Atratadosnotratados","Lymph.","ok",73,"Genotype","CALR Type_Other-JAK2 V617F",0.676470588235301,-7.67349158547313,9.02643276194373,0.999996231033226
"hemogram","CENTRE_Atratadosnotratados","Lymph.","ok",73,"Genotype","MPL W515-JAK2 V617F",-4.1835294117647,-10.9670707494112,2.60001192588178,0.535064398120118
"hemogram","CENTRE_Atratadosnotratados","Lymph.","ok",73,"Genotype","TN-JAK2 V617F",-0.785067873303166,-5.69775480347635,4.12761905687002,0.999622340772338
"hemogram","CENTRE_Atratadosnotratados","Lymph.","ok",73,"Genotype","VARIANT-JAK2 V617F",-0.580672268907559,-6.56874047503335,5.40739593721823,0.999987025667948
"hemogram","CENTRE_Atratadosnotratados","Lymph.","ok",73,"Genotype","CALR Type II-CALR Type I",-0.797777777777775,-8.23502741635656,6.63947186080101,0.999974135829523
"hemogram","CENTRE_Atratadosnotratados","Lymph.","ok",73,"Genotype","CALR Type_Other-CALR Type I",2.22222222222222,-6.66699132056902,11.1114357650135,0.993461200218291
"hemogram","CENTRE_Atratadosnotratados","Lymph.","ok",73,"Genotype","MPL W515-CALR Type I",-2.63777777777778,-10.0750274163566,4.79947186080101,0.952189894012056
"hemogram","CENTRE_Atratadosnotratados","Lymph.","ok",73,"Genotype","TN-CALR Type I",0.760683760683758,-5.02124861360738,6.5426161349749,0.999896809478197
"hemogram","CENTRE_Atratadosnotratados","Lymph.","ok",73,"Genotype","VARIANT-CALR Type I",0.965079365079365,-5.75453445925579,7.68469318941452,0.999814202225487
"hemogram","CENTRE_Atratadosnotratados","Lymph.","ok",73,"Genotype","CALR Type_Other-CALR Type II",3.02,-6.71764555173436,12.7576455517344,0.976913200307776
"hemogram","CENTRE_Atratadosnotratados","Lymph.","ok",73,"Genotype","MPL W515-CALR Type II",-1.84,-10.2730484208505,6.59304842085048,0.997178493222377
"hemogram","CENTRE_Atratadosnotratados","Lymph.","ok",73,"Genotype","TN-CALR Type II",1.55846153846153,-5.4582588822724,8.57518195919547,0.996845618429538
"hemogram","CENTRE_Atratadosnotratados","Lymph.","ok",73,"Genotype","VARIANT-CALR Type II",1.76285714285714,-6.04462858752142,9.5703428732357,0.996504498582092
"hemogram","CENTRE_Atratadosnotratados","Lymph.","ok",73,"Genotype","MPL W515-CALR Type_Other",-4.86,-14.5976455517344,4.87764555173435,0.769988365391779
"hemogram","CENTRE_Atratadosnotratados","Lymph.","ok",73,"Genotype","TN-CALR Type_Other",-1.46153846153847,-10.0020185818565,7.07894165877957,0.999407463346326
"hemogram","CENTRE_Atratadosnotratados","Lymph.","ok",73,"Genotype","VARIANT-CALR Type_Other",-1.25714285714286,-10.4583530304227,7.94406731613694,0.999866983676608
"hemogram","CENTRE_Atratadosnotratados","Lymph.","ok",73,"Genotype","TN-MPL W515",3.39846153846154,-3.6182588822724,10.4151819591955,0.795647595379862
"hemogram","CENTRE_Atratadosnotratados","Lymph.","ok",73,"Genotype","VARIANT-MPL W515",3.60285714285714,-4.20462858752141,11.4103428732357,0.8326121398508
"hemogram","CENTRE_Atratadosnotratados","Lymph.","ok",73,"Genotype","VARIANT-TN",0.204395604395607,-6.04659577492979,6.45538698372101,0.999999993133064
"hemogram","CENTRE_Atratadosnotratados","Mono.","ok",73,"Genotype","JAK2 V617F-CNTRL",1.41218487394958,-1.4225722683195,4.24694201621866,0.771637297132092
"hemogram","CENTRE_Atratadosnotratados","Mono.","ok",73,"Genotype","CALR Type I-CNTRL",2.38015873015873,-0.975688138668245,5.7360055989857,0.353127117223177
"hemogram","CENTRE_Atratadosnotratados","Mono.","ok",73,"Genotype","CALR Type II-CNTRL",1.99571428571428,-2.09643312907239,6.08786170050095,0.789930114823925
"hemogram","CENTRE_Atratadosnotratados","Mono.","ok",73,"Genotype","CALR Type_Other-CNTRL",0.202380952380951,-4.79477962642171,5.19954153118361,0.999999969431986
"hemogram","CENTRE_Atratadosnotratados","Mono.","ok",73,"Genotype","MPL W515-CNTRL",2.49571428571429,-1.59643312907238,6.58786170050096,0.549288522133767
"hemogram","CENTRE_Atratadosnotratados","Mono.","ok",73,"Genotype","TN-CNTRL",1.38186813186813,-1.64344043986415,4.4071767036004,0.839738195319916
"hemogram","CENTRE_Atratadosnotratados","Mono.","ok",73,"Genotype","VARIANT-CNTRL",2.53571428571428,-1.1002541074462,6.17168267887477,0.37475257962952
"hemogram","CENTRE_Atratadosnotratados","Mono.","ok",73,"Genotype","CALR Type I-JAK2 V617F",0.967973856209147,-2.26993372307,4.20588143548829,0.981243027358819
"hemogram","CENTRE_Atratadosnotratados","Mono.","ok",73,"Genotype","CALR Type II-JAK2 V617F",0.583529411764703,-3.41246955586314,4.57952837939254,0.99979240357579
"hemogram","CENTRE_Atratadosnotratados","Mono.","ok",73,"Genotype","CALR Type_Other-JAK2 V617F",-1.20980392156863,-6.12853863034048,3.70893078720322,0.994076869524111
"hemogram","CENTRE_Atratadosnotratados","Mono.","ok",73,"Genotype","MPL W515-JAK2 V617F",1.08352941176471,-2.91246955586313,5.07952837939254,0.98935959651428
"hemogram","CENTRE_Atratadosnotratados","Mono.","ok",73,"Genotype","TN-JAK2 V617F",-0.0303167420814505,-2.92424646464458,2.86361298048168,0.999999999997668
"hemogram","CENTRE_Atratadosnotratados","Mono.","ok",73,"Genotype","VARIANT-JAK2 V617F",1.1235294117647,-2.40387805562541,4.65093687915482,0.973215254393554
"hemogram","CENTRE_Atratadosnotratados","Mono.","ok",73,"Genotype","CALR Type II-CALR Type I",-0.384444444444444,-4.76552512170354,3.99663623281465,0.999993466391209
"hemogram","CENTRE_Atratadosnotratados","Mono.","ok",73,"Genotype","CALR Type_Other-CALR Type I",-2.17777777777778,-7.41417074303995,3.05861518748439,0.89467962927705
"hemogram","CENTRE_Atratadosnotratados","Mono.","ok",73,"Genotype","MPL W515-CALR Type I",0.115555555555559,-4.26552512170354,4.49663623281465,0.999999998469426
"hemogram","CENTRE_Atratadosnotratados","Mono.","ok",73,"Genotype","TN-CALR Type I",-0.998290598290597,-4.4042690759831,2.40768787940191,0.983248826962151
"hemogram","CENTRE_Atratadosnotratados","Mono.","ok",73,"Genotype","VARIANT-CALR Type I",0.155555555555558,-3.80278545961352,4.11389657072464,0.999999975221312
"hemogram","CENTRE_Atratadosnotratados","Mono.","ok",73,"Genotype","CALR Type_Other-CALR Type II",-1.79333333333333,-7.52951442740425,3.94284776073758,0.975852398342299
"hemogram","CENTRE_Atratadosnotratados","Mono.","ok",73,"Genotype","MPL W515-CALR Type II",0.500000000000003,-4.46767854817342,5.46767854817343,0.999983257820117
"hemogram","CENTRE_Atratadosnotratados","Mono.","ok",73,"Genotype","TN-CALR Type II",-0.613846153846153,-4.74720455202964,3.51951224433734,0.999767731672066
"hemogram","CENTRE_Atratadosnotratados","Mono.","ok",73,"Genotype","VARIANT-CALR Type II",0.540000000000002,-4.05917664910788,5.13917664910789,0.999952174486989
"hemogram","CENTRE_Atratadosnotratados","Mono.","ok",73,"Genotype","MPL W515-CALR Type_Other",2.29333333333333,-3.44284776073758,8.02951442740425,0.91266357687594
"hemogram","CENTRE_Atratadosnotratados","Mono.","ok",73,"Genotype","TN-CALR Type_Other",1.17948717948718,-3.85147644926508,6.21045080823944,0.995586028164852
"hemogram","CENTRE_Atratadosnotratados","Mono.","ok",73,"Genotype","VARIANT-CALR Type_Other",2.33333333333333,-3.08684832743168,7.75351499409835,0.876565919755716
"hemogram","CENTRE_Atratadosnotratados","Mono.","ok",73,"Genotype","TN-MPL W515",-1.11384615384616,-5.24720455202965,3.01951224433734,0.989743116298483
"hemogram","CENTRE_Atratadosnotratados","Mono.","ok",73,"Genotype","VARIANT-MPL W515",0.0399999999999991,-4.55917664910788,4.63917664910788,0.999999999999482
"hemogram","CENTRE_Atratadosnotratados","Mono.","ok",73,"Genotype","VARIANT-TN",1.15384615384616,-2.52844217537941,4.83613448307172,0.975542396524612
"hemogram","CENTRE_Atratadosnotratados","Eos.","ok",73,"Genotype","JAK2 V617F-CNTRL",0.864285714285715,-1.35356068294467,3.0821321115161,0.92289475480017
"hemogram","CENTRE_Atratadosnotratados","Eos.","ok",73,"Genotype","CALR Type I-CNTRL",-0.557936507936506,-3.18347108255874,2.06759806668573,0.997610653786053
"hemogram","CENTRE_Atratadosnotratados","Eos.","ok",73,"Genotype","CALR Type II-CNTRL",-0.955714285714284,-4.15731285142266,2.24588427999409,0.981399438917027
"hemogram","CENTRE_Atratadosnotratados","Eos.","ok",73,"Genotype","CALR Type_Other-CNTRL",3.36428571428571,-0.545373572155975,7.2739450007274,0.142791461240891
"hemogram","CENTRE_Atratadosnotratados","Eos.","ok",73,"Genotype","MPL W515-CNTRL",0.444285714285714,-2.75731285142266,3.64588427999409,0.99985236057754
"hemogram","CENTRE_Atratadosnotratados","Eos.","ok",73,"Genotype","TN-CNTRL",0.610439560439561,-1.75648973176636,2.97736885264549,0.99210733673642
"hemogram","CENTRE_Atratadosnotratados","Eos.","ok",73,"Genotype","VARIANT-CNTRL",0.507142857142858,-2.33755211900586,3.35183783329157,0.999226006320978
"hemogram","CENTRE_Atratadosnotratados","Eos.","ok",73,"Genotype","CALR Type I-JAK2 V617F",-1.42222222222222,-3.9554839088022,1.11103946435776,0.64972469400254
"hemogram","CENTRE_Atratadosnotratados","Eos.","ok",73,"Genotype","CALR Type II-JAK2 V617F",-1.82,-4.94637431317864,1.30637431317865,0.607041347301732
"hemogram","CENTRE_Atratadosnotratados","Eos.","ok",73,"Genotype","CALR Type_Other-JAK2 V617F",2.5,-1.34830075568647,6.34830075568647,0.467489745914745
"hemogram","CENTRE_Atratadosnotratados","Eos.","ok",73,"Genotype","MPL W515-JAK2 V617F",-0.420000000000001,-3.54637431317865,2.70637431317864,0.999881237174483
"hemogram","CENTRE_Atratadosnotratados","Eos.","ok",73,"Genotype","TN-JAK2 V617F",-0.253846153846154,-2.5179877670099,2.0102954593176,0.999965048711528
"hemogram","CENTRE_Atratadosnotratados","Eos.","ok",73,"Genotype","VARIANT-JAK2 V617F",-0.357142857142858,-3.11690235345464,2.40261663916892,0.999907654132038
"hemogram","CENTRE_Atratadosnotratados","Eos.","ok",73,"Genotype","CALR Type II-CALR Type I",-0.397777777777778,-3.82543083882876,3.02987528327321,0.999955817531036
"hemogram","CENTRE_Atratadosnotratados","Eos.","ok",73,"Genotype","CALR Type_Other-CALR Type I",3.92222222222222,-0.174606779218526,8.01905122366296,0.0702523184035594
"hemogram","CENTRE_Atratadosnotratados","Eos.","ok",73,"Genotype","MPL W515-CALR Type I",1.00222222222222,-2.42543083882876,4.4298752832732,0.983479542226633
"hemogram","CENTRE_Atratadosnotratados","Eos.","ok",73,"Genotype","TN-CALR Type I",1.16837606837607,-1.49638028170337,3.8331324184555,0.86596778805205
"hemogram","CENTRE_Atratadosnotratados","Eos.","ok",73,"Genotype","VARIANT-CALR Type I",1.06507936507936,-2.03183226399758,4.1619909941563,0.959359825330289
"hemogram","CENTRE_Atratadosnotratados","Eos.","ok",73,"Genotype","CALR Type_Other-CALR Type II",4.32,-0.167851316660925,8.80785131666092,0.0674460376437894
"hemogram","CENTRE_Atratadosnotratados","Eos.","ok",73,"Genotype","MPL W515-CALR Type II",1.4,-2.4865932486358,5.2865932486358,0.948171974878919
"hemogram","CENTRE_Atratadosnotratados","Eos.","ok",73,"Genotype","TN-CALR Type II",1.56615384615385,-1.66768721034505,4.79999490265274,0.795708827173299
"hemogram","CENTRE_Atratadosnotratados","Eos.","ok",73,"Genotype","VARIANT-CALR Type II",1.46285714285714,-2.13542900637018,5.06114329208446,0.905383104392881
"hemogram","CENTRE_Atratadosnotratados","Eos.","ok",73,"Genotype","MPL W515-CALR Type_Other",-2.92,-7.40785131666092,1.56785131666092,0.465455703752961
"hemogram","CENTRE_Atratadosnotratados","Eos.","ok",73,"Genotype","TN-CALR Type_Other",-2.75384615384615,-6.68995214058122,1.18225983288892,0.370619638600579
"hemogram","CENTRE_Atratadosnotratados","Eos.","ok",73,"Genotype","VARIANT-CALR Type_Other",-2.85714285714286,-7.09776375175664,1.38347803747092,0.419643475553915
"hemogram","CENTRE_Atratadosnotratados","Eos.","ok",73,"Genotype","TN-MPL W515",0.166153846153847,-3.06768721034505,3.39999490265274,0.9999998395821
"hemogram","CENTRE_Atratadosnotratados","Eos.","ok",73,"Genotype","VARIANT-MPL W515",0.0628571428571432,-3.53542900637018,3.66114329208446,0.999999999914206
"hemogram","CENTRE_Atratadosnotratados","Eos.","ok",73,"Genotype","VARIANT-TN",-0.103296703296703,-2.98423129298764,2.77763788639423,0.999999986931304
"hemogram","CENTRE_Atratadosnotratados","Baso.","ok",73,"Genotype","JAK2 V617F-CNTRL",-0.395798319327731,-1.52422633827077,0.732629699615309,0.954897473274479
"hemogram","CENTRE_Atratadosnotratados","Baso.","ok",73,"Genotype","CALR Type I-CNTRL",0.39047619047619,-0.945381325358645,1.72633370631103,0.983508557790217
"hemogram","CENTRE_Atratadosnotratados","Baso.","ok",73,"Genotype","CALR Type II-CNTRL",-0.842857142857142,-2.47181284126113,0.786098555546843,0.736385374444807
"hemogram","CENTRE_Atratadosnotratados","Baso.","ok",73,"Genotype","CALR Type_Other-CNTRL",-0.476190476190476,-2.46540356545175,1.5130226130708,0.994981267317856
"hemogram","CENTRE_Atratadosnotratados","Baso.","ok",73,"Genotype","MPL W515-CNTRL",-0.522857142857143,-2.15181284126113,1.10609855554684,0.972049996462949
"hemogram","CENTRE_Atratadosnotratados","Baso.","ok",73,"Genotype","TN-CNTRL",-0.019780219780219,-1.2240607937269,1.18450035416646,0.999999999944252
"hemogram","CENTRE_Atratadosnotratados","Baso.","ok",73,"Genotype","VARIANT-CNTRL",-0.071428571428571,-1.51879369123189,1.37593654837475,0.999999878809327
"hemogram","CENTRE_Atratadosnotratados","Baso.","ok",73,"Genotype","CALR Type I-JAK2 V617F",0.786274509803921,-0.502635069336246,2.07518408894409,0.548972253464303
"hemogram","CENTRE_Atratadosnotratados","Baso.","ok",73,"Genotype","CALR Type II-JAK2 V617F",-0.447058823529411,-2.03774083699083,1.14362318993201,0.986865028030924
"hemogram","CENTRE_Atratadosnotratados","Baso.","ok",73,"Genotype","CALR Type_Other-JAK2 V617F",-0.0803921568627446,-2.03838636397248,1.87760205024699,0.999999966364163
"hemogram","CENTRE_Atratadosnotratados","Baso.","ok",73,"Genotype","MPL W515-JAK2 V617F",-0.127058823529412,-1.71774083699083,1.46362318993201,0.999996581405326
"hemogram","CENTRE_Atratadosnotratados","Baso.","ok",73,"Genotype","TN-JAK2 V617F",0.376018099547512,-0.77596467001643,1.52800086911145,0.969349135184421
"hemogram","CENTRE_Atratadosnotratados","Baso.","ok",73,"Genotype","VARIANT-JAK2 V617F",0.32436974789916,-1.07978066804998,1.7285201638483,0.995971423278543
"hemogram","CENTRE_Atratadosnotratados","Baso.","ok",73,"Genotype","CALR Type II-CALR Type I",-1.23333333333333,-2.97730431262926,0.510637645962591,0.356835154302865
"hemogram","CENTRE_Atratadosnotratados","Baso.","ok",73,"Genotype","CALR Type_Other-CALR Type I",-0.866666666666666,-2.95111067497007,1.21777734163674,0.894814836074211
"hemogram","CENTRE_Atratadosnotratados","Baso.","ok",73,"Genotype","MPL W515-CALR Type I",-0.913333333333333,-2.65730431262926,0.83063764596259,0.724466192997608
"hemogram","CENTRE_Atratadosnotratados","Baso.","ok",73,"Genotype","TN-CALR Type I",-0.410256410256409,-1.76606974919688,0.945556928684063,0.979907227158308
"hemogram","CENTRE_Atratadosnotratados","Baso.","ok",73,"Genotype","VARIANT-CALR Type I",-0.461904761904761,-2.03759632413604,1.11378680032652,0.983234163170006
"hemogram","CENTRE_Atratadosnotratados","Baso.","ok",73,"Genotype","CALR Type_Other-CALR Type II",0.366666666666666,-1.91672733974186,2.65006067307519,0.999610073160333
"hemogram","CENTRE_Atratadosnotratados","Baso.","ok",73,"Genotype","MPL W515-CALR Type II",0.319999999999999,-1.65747721639891,2.29747721639891,0.99958972613247
"hemogram","CENTRE_Atratadosnotratados","Baso.","ok",73,"Genotype","TN-CALR Type II",0.823076923076923,-0.822283576874169,2.46843742302801,0.767939009446803
"hemogram","CENTRE_Atratadosnotratados","Baso.","ok",73,"Genotype","VARIANT-CALR Type II",0.771428571428571,-1.05935958235581,2.60221672521296,0.888089866339129
"hemogram","CENTRE_Atratadosnotratados","Baso.","ok",73,"Genotype","MPL W515-CALR Type_Other",-0.046666666666667,-2.33006067307519,2.23672733974186,0.999999999742798
"hemogram","CENTRE_Atratadosnotratados","Baso.","ok",73,"Genotype","TN-CALR Type_Other",0.456410256410257,-1.54625876814795,2.45907928096846,0.996296141048669
"hemogram","CENTRE_Atratadosnotratados","Baso.","ok",73,"Genotype","VARIANT-CALR Type_Other",0.404761904761905,-1.75284262599966,2.56236643552347,0.99892278016337
"hemogram","CENTRE_Atratadosnotratados","Baso.","ok",73,"Genotype","TN-MPL W515",0.503076923076924,-1.14228357687417,2.14843742302802,0.978689381161658
"hemogram","CENTRE_Atratadosnotratados","Baso.","ok",73,"Genotype","VARIANT-MPL W515",0.451428571428572,-1.37935958235581,2.28221672521296,0.993985652347692
"hemogram","CENTRE_Atratadosnotratados","Baso.","ok",73,"Genotype","VARIANT-TN",-0.0516483516483519,-1.51745198701694,1.41415528372024,0.99999998842884
"hemogram","CENTRE_Atratadosnotratados","Lymph..10.6.ml.","ok",73,"Genotype","JAK2 V617F-CNTRL",-0.0356722689075624,-0.714702394144673,0.643357856329549,0.999999812763327
"hemogram","CENTRE_Atratadosnotratados","Lymph..10.6.ml.","ok",73,"Genotype","CALR Type I-CNTRL",-0.0376984126984121,-0.841548973876344,0.766152148479519,0.999999915031685
"hemogram","CENTRE_Atratadosnotratados","Lymph..10.6.ml.","ok",73,"Genotype","CALR Type II-CNTRL",-0.0661428571428568,-1.04636487691246,0.91407916262675,0.999998935219279
"hemogram","CENTRE_Atratadosnotratados","Lymph..10.6.ml.","ok",73,"Genotype","CALR Type_Other-CNTRL",0.301190476190476,-0.895815970343504,1.49819692272446,0.993198671287978
"hemogram","CENTRE_Atratadosnotratados","Lymph..10.6.ml.","ok",73,"Genotype","MPL W515-CNTRL",-0.0881428571428566,-1.06836487691246,0.89207916262675,0.999992271258257
"hemogram","CENTRE_Atratadosnotratados","Lymph..10.6.ml.","ok",73,"Genotype","TN-CNTRL",0.152472527472528,-0.572201776266921,0.877146831211977,0.997756206301062
"hemogram","CENTRE_Atratadosnotratados","Lymph..10.6.ml.","ok",73,"Genotype","VARIANT-CNTRL",0.0678571428571431,-0.803092977190773,0.938807262905059,0.999997121448782
"hemogram","CENTRE_Atratadosnotratados","Lymph..10.6.ml.","ok",73,"Genotype","CALR Type I-JAK2 V617F",-0.00202614379084975,-0.777625843772279,0.773573556190579,1
"hemogram","CENTRE_Atratadosnotratados","Lymph..10.6.ml.","ok",73,"Genotype","CALR Type II-JAK2 V617F",-0.0304705882352945,-0.987661466768106,0.926720290297517,0.999999994305282
"hemogram","CENTRE_Atratadosnotratados","Lymph..10.6.ml.","ok",73,"Genotype","CALR Type_Other-JAK2 V617F",0.336862745098039,-0.841357778806172,1.51508326900225,0.985486929961167
"hemogram","CENTRE_Atratadosnotratados","Lymph..10.6.ml.","ok",73,"Genotype","MPL W515-JAK2 V617F",-0.0524705882352943,-1.00966146676811,0.904720290297517,0.999999748301956
"hemogram","CENTRE_Atratadosnotratados","Lymph..10.6.ml.","ok",73,"Genotype","TN-JAK2 V617F",0.18814479638009,-0.50505937008565,0.881348962845831,0.98929920760663
"hemogram","CENTRE_Atratadosnotratados","Lymph..10.6.ml.","ok",73,"Genotype","VARIANT-JAK2 V617F",0.103529411764705,-0.741416315200457,0.948475138729868,0.999936152601383
"hemogram","CENTRE_Atratadosnotratados","Lymph..10.6.ml.","ok",73,"Genotype","CALR Type II-CALR Type I",-0.0284444444444447,-1.07787676321158,1.02098787432269,0.999999998148368
"hemogram","CENTRE_Atratadosnotratados","Lymph..10.6.ml.","ok",73,"Genotype","CALR Type_Other-CALR Type I",0.338888888888889,-0.915422642061721,1.5932004198395,0.989583847550035
"hemogram","CENTRE_Atratadosnotratados","Lymph..10.6.ml.","ok",73,"Genotype","MPL W515-CALR Type I",-0.0504444444444445,-1.09987676321158,0.998987874322689,0.999999899108779
"hemogram","CENTRE_Atratadosnotratados","Lymph..10.6.ml.","ok",73,"Genotype","TN-CALR Type I",0.19017094017094,-0.625688012180513,1.00602989252239,0.99574102934476
"hemogram","CENTRE_Atratadosnotratados","Lymph..10.6.ml.","ok",73,"Genotype","VARIANT-CALR Type I",0.105555555555555,-0.842614838014733,1.05372594912584,0.99996669131518
"hemogram","CENTRE_Atratadosnotratados","Lymph..10.6.ml.","ok",73,"Genotype","CALR Type_Other-CALR Type II",0.367333333333333,-1.00669610594764,1.74136277261431,0.990216430308398
"hemogram","CENTRE_Atratadosnotratados","Lymph..10.6.ml.","ok",73,"Genotype","MPL W515-CALR Type II",-0.0219999999999998,-1.21194439996501,1.16794439996501,0.99999999987241
"hemogram","CENTRE_Atratadosnotratados","Lymph..10.6.ml.","ok",73,"Genotype","TN-CALR Type II",0.218615384615385,-0.771478203621173,1.20870897285194,0.996959752598826
"hemogram","CENTRE_Atratadosnotratados","Lymph..10.6.ml.","ok",73,"Genotype","VARIANT-CALR Type II",0.134,-0.967674443099398,1.2356744430994,0.999939242425369
"hemogram","CENTRE_Atratadosnotratados","Lymph..10.6.ml.","ok",73,"Genotype","MPL W515-CALR Type_Other",-0.389333333333333,-1.76336277261431,0.984696105947643,0.986225011170864
"hemogram","CENTRE_Atratadosnotratados","Lymph..10.6.ml.","ok",73,"Genotype","TN-CALR Type_Other",-0.148717948717949,-1.35382148720327,1.05638558976737,0.999932990118549
"hemogram","CENTRE_Atratadosnotratados","Lymph..10.6.ml.","ok",73,"Genotype","VARIANT-CALR Type_Other",-0.233333333333333,-1.53166911562583,1.06500244895916,0.999184390099348
"hemogram","CENTRE_Atratadosnotratados","Lymph..10.6.ml.","ok",73,"Genotype","TN-MPL W515",0.240615384615384,-0.749478203621174,1.23070897285194,0.994495515963725
"hemogram","CENTRE_Atratadosnotratados","Lymph..10.6.ml.","ok",73,"Genotype","VARIANT-MPL W515",0.156,-0.945674443099398,1.2576744430994,0.999830974742933
"hemogram","CENTRE_Atratadosnotratados","Lymph..10.6.ml.","ok",73,"Genotype","VARIANT-TN",-0.0846153846153848,-0.966660857954155,0.797430088723385,0.999987950538509
"hemogram","CENTRE_Atratadosnotratados","Mono..10.6.ml.","ok",73,"Genotype","JAK2 V617F-CNTRL",0.109663865546218,-0.13443123101571,0.353758962108146,0.850791669784002
"hemogram","CENTRE_Atratadosnotratados","Mono..10.6.ml.","ok",73,"Genotype","CALR Type I-CNTRL",0.219206349206349,-0.0697587100148016,0.5081714084275,0.270661316950488
"hemogram","CENTRE_Atratadosnotratados","Mono..10.6.ml.","ok",73,"Genotype","CALR Type II-CNTRL",0.173428571428571,-0.178937810673018,0.525794953530161,0.782172118998446
"hemogram","CENTRE_Atratadosnotratados","Mono..10.6.ml.","ok",73,"Genotype","CALR Type_Other-CNTRL",0.0614285714285715,-0.368866629465401,0.491723772322544,0.999821528086475
"hemogram","CENTRE_Atratadosnotratados","Mono..10.6.ml.","ok",73,"Genotype","MPL W515-CNTRL",0.257428571428571,-0.0949378106730183,0.609794953530161,0.315951518793315
"hemogram","CENTRE_Atratadosnotratados","Mono..10.6.ml.","ok",73,"Genotype","TN-CNTRL",0.136043956043956,-0.124459131481742,0.396547043569654,0.727276195702597
"hemogram","CENTRE_Atratadosnotratados","Mono..10.6.ml.","ok",73,"Genotype","VARIANT-CNTRL",0.23,-0.0830857464968623,0.543085746496862,0.309142906645994
"hemogram","CENTRE_Atratadosnotratados","Mono..10.6.ml.","ok",73,"Genotype","CALR Type I-JAK2 V617F",0.109542483660131,-0.16926706634954,0.388352033669801,0.919745515798024
"hemogram","CENTRE_Atratadosnotratados","Mono..10.6.ml.","ok",73,"Genotype","CALR Type II-JAK2 V617F",0.0637647058823529,-0.28032253154629,0.407851943310996,0.999004765669617
"hemogram","CENTRE_Atratadosnotratados","Mono..10.6.ml.","ok",73,"Genotype","CALR Type_Other-JAK2 V617F",-0.0482352941176469,-0.47177740493816,0.375306816702867,0.999961121165946
"hemogram","CENTRE_Atratadosnotratados","Mono..10.6.ml.","ok",73,"Genotype","MPL W515-JAK2 V617F",0.147764705882353,-0.19632253154629,0.491851943310996,0.87792590925819
"hemogram","CENTRE_Atratadosnotratados","Mono..10.6.ml.","ok",73,"Genotype","TN-JAK2 V617F",0.0263800904977377,-0.222810235029425,0.2755704160249,0.999976360074325
"hemogram","CENTRE_Atratadosnotratados","Mono..10.6.ml.","ok",73,"Genotype","VARIANT-JAK2 V617F",0.120336134453782,-0.183401654412552,0.424073923320115,0.91641952473553
"hemogram","CENTRE_Atratadosnotratados","Mono..10.6.ml.","ok",73,"Genotype","CALR Type II-CALR Type I",-0.0457777777777777,-0.423023607769816,0.33146805221426,0.999940201944772
"hemogram","CENTRE_Atratadosnotratados","Mono..10.6.ml.","ok",73,"Genotype","CALR Type_Other-CALR Type I",-0.157777777777778,-0.60867278653636,0.293117230980805,0.955457240185185
"hemogram","CENTRE_Atratadosnotratados","Mono..10.6.ml.","ok",73,"Genotype","MPL W515-CALR Type I",0.0382222222222224,-0.339023607769816,0.41546805221426,0.9999824823134
"hemogram","CENTRE_Atratadosnotratados","Mono..10.6.ml.","ok",73,"Genotype","TN-CALR Type I",-0.0831623931623929,-0.376444181927804,0.210119395603019,0.986166491588504
"hemogram","CENTRE_Atratadosnotratados","Mono..10.6.ml.","ok",73,"Genotype","VARIANT-CALR Type I",0.0107936507936509,-0.330050937942206,0.351638239529508,0.999999994509446
"hemogram","CENTRE_Atratadosnotratados","Mono..10.6.ml.","ok",73,"Genotype","CALR Type_Other-CALR Type II",-0.112,-0.60593073472713,0.38193073472713,0.99641073637993
"hemogram","CENTRE_Atratadosnotratados","Mono..10.6.ml.","ok",73,"Genotype","MPL W515-CALR Type II",0.0840000000000001,-0.343756563983607,0.511756563983607,0.998554245148009
"hemogram","CENTRE_Atratadosnotratados","Mono..10.6.ml.","ok",73,"Genotype","TN-CALR Type II",-0.0373846153846152,-0.39329959035212,0.31853035958289,0.99997758961151
"hemogram","CENTRE_Atratadosnotratados","Mono..10.6.ml.","ok",73,"Genotype","VARIANT-CALR Type II",0.0565714285714286,-0.339454196174239,0.452597053317096,0.999820785165929
"hemogram","CENTRE_Atratadosnotratados","Mono..10.6.ml.","ok",73,"Genotype","MPL W515-CALR Type_Other",0.196,-0.29793073472713,0.68993073472713,0.915770316411735
"hemogram","CENTRE_Atratadosnotratados","Mono..10.6.ml.","ok",73,"Genotype","TN-CALR Type_Other",0.0746153846153846,-0.358590527259258,0.507821296490027,0.99938186499746
"hemogram","CENTRE_Atratadosnotratados","Mono..10.6.ml.","ok",73,"Genotype","VARIANT-CALR Type_Other",0.168571428571428,-0.298149246064072,0.635292103206929,0.947445479948051
"hemogram","CENTRE_Atratadosnotratados","Mono..10.6.ml.","ok",73,"Genotype","TN-MPL W515",-0.121384615384615,-0.477299590352121,0.23453035958289,0.961135275331332
"hemogram","CENTRE_Atratadosnotratados","Mono..10.6.ml.","ok",73,"Genotype","VARIANT-MPL W515",-0.0274285714285715,-0.423454196174239,0.368597053317096,0.999998724514982
"hemogram","CENTRE_Atratadosnotratados","Mono..10.6.ml.","ok",73,"Genotype","VARIANT-TN",0.0939560439560438,-0.223118216794106,0.411030304706193,0.982165297470366
"hemogram","CENTRE_Atratadosnotratados","Eos..10.6.ml.","ok",73,"Genotype","JAK2 V617F-CNTRL",0.0784453781512607,-0.0957180515281047,0.252608807830626,0.849131359309651
"hemogram","CENTRE_Atratadosnotratados","Eos..10.6.ml.","ok",73,"Genotype","CALR Type I-CNTRL",-0.0288095238095236,-0.23498796196872,0.177368914349673,0.999845374938794
"hemogram","CENTRE_Atratadosnotratados","Eos..10.6.ml.","ok",73,"Genotype","CALR Type II-CNTRL",-0.0561428571428569,-0.307558549120729,0.195272834835015,0.996737569460408
"hemogram","CENTRE_Atratadosnotratados","Eos..10.6.ml.","ok",73,"Genotype","CALR Type_Other-CNTRL",0.301190476190476,-0.00582793187186165,0.608208884252814,0.0582928798803993
"hemogram","CENTRE_Atratadosnotratados","Eos..10.6.ml.","ok",73,"Genotype","MPL W515-CNTRL",0.0538571428571429,-0.197558549120729,0.305272834835015,0.997486610007569
"hemogram","CENTRE_Atratadosnotratados","Eos..10.6.ml.","ok",73,"Genotype","TN-CNTRL",0.0855494505494507,-0.100321186774183,0.271420087873084,0.834447479977739
"hemogram","CENTRE_Atratadosnotratados","Eos..10.6.ml.","ok",73,"Genotype","VARIANT-CNTRL",0.0564285714285716,-0.166960133062606,0.279817275919749,0.993036299564903
"hemogram","CENTRE_Atratadosnotratados","Eos..10.6.ml.","ok",73,"Genotype","CALR Type I-JAK2 V617F",-0.107254901960784,-0.306187318633584,0.0916775147120155,0.694459994950855
"hemogram","CENTRE_Atratadosnotratados","Eos..10.6.ml.","ok",73,"Genotype","CALR Type II-JAK2 V617F",-0.134588235294118,-0.38009670401613,0.110920233427894,0.676460027820652
"hemogram","CENTRE_Atratadosnotratados","Eos..10.6.ml.","ok",73,"Genotype","CALR Type_Other-JAK2 V617F",0.222745098039216,-0.0794549365912377,0.524945132669669,0.305059258964693
"hemogram","CENTRE_Atratadosnotratados","Eos..10.6.ml.","ok",73,"Genotype","MPL W515-JAK2 V617F",-0.0245882352941178,-0.27009670401613,0.220920233427894,0.999983816832304
"hemogram","CENTRE_Atratadosnotratados","Eos..10.6.ml.","ok",73,"Genotype","TN-JAK2 V617F",0.00710407239818994,-0.17069483609286,0.18490298088924,0.999999972181026
"hemogram","CENTRE_Atratadosnotratados","Eos..10.6.ml.","ok",73,"Genotype","VARIANT-JAK2 V617F",-0.0220168067226892,-0.238735683001987,0.194702069556608,0.999982157686236
"hemogram","CENTRE_Atratadosnotratados","Eos..10.6.ml.","ok",73,"Genotype","CALR Type II-CALR Type I",-0.0273333333333333,-0.296500672247834,0.241834005581167,0.999982210242678
"hemogram","CENTRE_Atratadosnotratados","Eos..10.6.ml.","ok",73,"Genotype","CALR Type_Other-CALR Type I",0.33,0.00828349583098237,0.651716504169018,0.0404037161781819
"hemogram","CENTRE_Atratadosnotratados","Eos..10.6.ml.","ok",73,"Genotype","MPL W515-CALR Type I",0.0826666666666665,-0.186500672247834,0.351834005581167,0.978147313658209
"hemogram","CENTRE_Atratadosnotratados","Eos..10.6.ml.","ok",73,"Genotype","TN-CALR Type I",0.114358974358974,-0.0948994782413806,0.323617426959329,0.67987351880965
"hemogram","CENTRE_Atratadosnotratados","Eos..10.6.ml.","ok",73,"Genotype","VARIANT-CALR Type I",0.0852380952380951,-0.157956722675132,0.328432913151322,0.955072464345614
"hemogram","CENTRE_Atratadosnotratados","Eos..10.6.ml.","ok",73,"Genotype","CALR Type_Other-CALR Type II",0.357333333333333,0.00491056042318172,0.709756106243485,0.0445849839656178
"hemogram","CENTRE_Atratadosnotratados","Eos..10.6.ml.","ok",73,"Genotype","MPL W515-CALR Type II",0.11,-0.195207074212346,0.415207074212345,0.948023948448776
"hemogram","CENTRE_Atratadosnotratados","Eos..10.6.ml.","ok",73,"Genotype","TN-CALR Type II",0.141692307692308,-0.112255328240067,0.395639943624682,0.656769441265636
"hemogram","CENTRE_Atratadosnotratados","Eos..10.6.ml.","ok",73,"Genotype","VARIANT-CALR Type II",0.112571428571428,-0.169995415327134,0.395138272469991,0.914143022397617
"hemogram","CENTRE_Atratadosnotratados","Eos..10.6.ml.","ok",73,"Genotype","MPL W515-CALR Type_Other",-0.247333333333333,-0.599756106243485,0.105089439576818,0.366634471952168
"hemogram","CENTRE_Atratadosnotratados","Eos..10.6.ml.","ok",73,"Genotype","TN-CALR Type_Other",-0.215641025641026,-0.524736244808294,0.0934541935262427,0.374280628007441
"hemogram","CENTRE_Atratadosnotratados","Eos..10.6.ml.","ok",73,"Genotype","VARIANT-CALR Type_Other",-0.244761904761905,-0.577770123860495,0.0882463143366851,0.308509552086757
"hemogram","CENTRE_Atratadosnotratados","Eos..10.6.ml.","ok",73,"Genotype","TN-MPL W515",0.0316923076923077,-0.222255328240066,0.285639943624682,0.999927712647417
"hemogram","CENTRE_Atratadosnotratados","Eos..10.6.ml.","ok",73,"Genotype","VARIANT-MPL W515",0.00257142857142861,-0.279995415327134,0.285138272469991,0.999999999999202
"hemogram","CENTRE_Atratadosnotratados","Eos..10.6.ml.","ok",73,"Genotype","VARIANT-TN",-0.0291208791208791,-0.255355414320914,0.197113656079156,0.999910927141162
"hemogram","CENTRE_Atratadosnotratados","Baso..10.6.ml.","ok",73,"Genotype","JAK2 V617F-CNTRL",-0.0183193277310924,-0.103160718739393,0.0665220632772086,0.99735761957096
"hemogram","CENTRE_Atratadosnotratados","Baso..10.6.ml.","ok",73,"Genotype","CALR Type I-CNTRL",0.0361904761904762,-0.0642465990413838,0.136627551422336,0.948084560178212
"hemogram","CENTRE_Atratadosnotratados","Baso..10.6.ml.","ok",73,"Genotype","CALR Type II-CNTRL",-0.055142857142857,-0.177616656998467,0.0673309427127529,0.849378953736435
"hemogram","CENTRE_Atratadosnotratados","Baso..10.6.ml.","ok",73,"Genotype","CALR Type_Other-CNTRL",-0.0238095238095238,-0.173369444931409,0.125750397312362,0.999631716850516
"hemogram","CENTRE_Atratadosnotratados","Baso..10.6.ml.","ok",73,"Genotype","MPL W515-CNTRL",-0.0331428571428571,-0.155616656998467,0.0893309427127529,0.989484738387145
"hemogram","CENTRE_Atratadosnotratados","Baso..10.6.ml.","ok",73,"Genotype","TN-CNTRL",0.0143956043956045,-0.0761487966142296,0.104940005405439,0.999634881676611
"hemogram","CENTRE_Atratadosnotratados","Baso..10.6.ml.","ok",73,"Genotype","VARIANT-CNTRL",4.16333634234434e-17,-0.108820826849043,0.108820826849043,1
"hemogram","CENTRE_Atratadosnotratados","Baso..10.6.ml.","ok",73,"Genotype","CALR Type I-JAK2 V617F",0.0545098039215686,-0.0423974686225877,0.151417076465725,0.647530411330262
"hemogram","CENTRE_Atratadosnotratados","Baso..10.6.ml.","ok",73,"Genotype","CALR Type II-JAK2 V617F",-0.0368235294117646,-0.156419704274881,0.0827726454513517,0.977833465848713
"hemogram","CENTRE_Atratadosnotratados","Baso..10.6.ml.","ok",73,"Genotype","CALR Type_Other-JAK2 V617F",-0.00549019607843136,-0.152702910871691,0.141722518714829,0.999999982801248
"hemogram","CENTRE_Atratadosnotratados","Baso..10.6.ml.","ok",73,"Genotype","MPL W515-JAK2 V617F",-0.0148235294117647,-0.134419704274881,0.104772645451352,0.999930983438138
"hemogram","CENTRE_Atratadosnotratados","Baso..10.6.ml.","ok",73,"Genotype","TN-JAK2 V617F",0.0327149321266969,-0.0538974338786648,0.119327298132059,0.933974397254615
"hemogram","CENTRE_Atratadosnotratados","Baso..10.6.ml.","ok",73,"Genotype","VARIANT-JAK2 V617F",0.0183193277310925,-0.0872523812961208,0.123891036758306,0.999351076612607
"hemogram","CENTRE_Atratadosnotratados","Baso..10.6.ml.","ok",73,"Genotype","CALR Type II-CALR Type I",-0.0913333333333332,-0.222454611144358,0.0397879444776918,0.376310126579413
"hemogram","CENTRE_Atratadosnotratados","Baso..10.6.ml.","ok",73,"Genotype","CALR Type_Other-CALR Type I",-0.06,-0.21671990253222,0.0967199025322201,0.929365843381792
"hemogram","CENTRE_Atratadosnotratados","Baso..10.6.ml.","ok",73,"Genotype","MPL W515-CALR Type I",-0.0693333333333333,-0.200454611144358,0.0617879444776917,0.714736496021323
"hemogram","CENTRE_Atratadosnotratados","Baso..10.6.ml.","ok",73,"Genotype","TN-CALR Type I",-0.0217948717948717,-0.123732334966925,0.0801425913771811,0.997516730695964
"hemogram","CENTRE_Atratadosnotratados","Baso..10.6.ml.","ok",73,"Genotype","VARIANT-CALR Type I",-0.0361904761904761,-0.154659586931772,0.0822786345508199,0.978795527219092
"hemogram","CENTRE_Atratadosnotratados","Baso..10.6.ml.","ok",73,"Genotype","CALR Type_Other-CALR Type II",0.0313333333333333,-0.140344718320483,0.203011384987149,0.999098385606671
"hemogram","CENTRE_Atratadosnotratados","Baso..10.6.ml.","ok",73,"Genotype","MPL W515-CALR Type II",0.0219999999999999,-0.126677554004422,0.170677554004422,0.999773288253658
"hemogram","CENTRE_Atratadosnotratados","Baso..10.6.ml.","ok",73,"Genotype","TN-CALR Type II",0.0695384615384615,-0.0541687410323481,0.193245664109271,0.648292217703731
"hemogram","CENTRE_Atratadosnotratados","Baso..10.6.ml.","ok",73,"Genotype","VARIANT-CALR Type II",0.0551428571428571,-0.0825058107394554,0.19279152502517,0.911814043275803
"hemogram","CENTRE_Atratadosnotratados","Baso..10.6.ml.","ok",73,"Genotype","MPL W515-CALR Type_Other",-0.00933333333333333,-0.181011384987149,0.162344718320483,0.999999762380841
"hemogram","CENTRE_Atratadosnotratados","Baso..10.6.ml.","ok",73,"Genotype","TN-CALR Type_Other",0.0382051282051283,-0.112366483736857,0.188776740147114,0.992845646701904
"hemogram","CENTRE_Atratadosnotratados","Baso..10.6.ml.","ok",73,"Genotype","VARIANT-CALR Type_Other",0.0238095238095238,-0.13841098699194,0.186030034610987,0.999785247460291
"hemogram","CENTRE_Atratadosnotratados","Baso..10.6.ml.","ok",73,"Genotype","TN-MPL W515",0.0475384615384616,-0.0761687410323481,0.171245664109271,0.928041755719849
"hemogram","CENTRE_Atratadosnotratados","Baso..10.6.ml.","ok",73,"Genotype","VARIANT-MPL W515",0.0331428571428572,-0.104505810739455,0.17079152502517,0.994799487928836
"hemogram","CENTRE_Atratadosnotratados","Baso..10.6.ml.","ok",73,"Genotype","VARIANT-TN",-0.0143956043956044,-0.124602739704226,0.0958115309130171,0.999901667641728
"hemogram","CENTRE_AtratadosnotratadosMPLCONTN","EPO..mlU.ml.","ok",28,"Genotype","JAK2 V617F-CNTRL",9.1,-11.6155005906096,29.8155005906096,0.744534103363459
"hemogram","CENTRE_AtratadosnotratadosMPLCONTN","EPO..mlU.ml.","ok",28,"Genotype","CALR Type I-CNTRL",11.75,-14.0867686018581,37.5867686018581,0.71700811038781
"hemogram","CENTRE_AtratadosnotratadosMPLCONTN","EPO..mlU.ml.","ok",28,"Genotype","CALR Type II-CNTRL",18.55,-19.2711565449616,56.3711565449616,0.650991849785732
"hemogram","CENTRE_AtratadosnotratadosMPLCONTN","EPO..mlU.ml.","ok",28,"Genotype","MPL W515-CNTRL",-0.0499999999999936,-37.8711565449616,37.7711565449616,1
"hemogram","CENTRE_AtratadosnotratadosMPLCONTN","EPO..mlU.ml.","ok",28,"Genotype","TN-CNTRL",7.63181818181819,-12.1196366488231,27.3832730124594,0.830416158769232
"hemogram","CENTRE_AtratadosnotratadosMPLCONTN","EPO..mlU.ml.","ok",28,"Genotype","CALR Type I-JAK2 V617F",2.65,-20.2518476011459,25.5518476011459,0.999083292391754
"hemogram","CENTRE_AtratadosnotratadosMPLCONTN","EPO..mlU.ml.","ok",28,"Genotype","CALR Type II-JAK2 V617F",9.45000000000001,-26.4302995271589,45.3302995271589,0.960546005035897
"hemogram","CENTRE_AtratadosnotratadosMPLCONTN","EPO..mlU.ml.","ok",28,"Genotype","MPL W515-JAK2 V617F",-9.15,-45.0302995271589,26.7302995271589,0.965531735120801
"hemogram","CENTRE_AtratadosnotratadosMPLCONTN","EPO..mlU.ml.","ok",28,"Genotype","TN-JAK2 V617F",-1.46818181818182,-17.1868325136777,14.250468877314,0.999676123499276
"hemogram","CENTRE_AtratadosnotratadosMPLCONTN","EPO..mlU.ml.","ok",28,"Genotype","CALR Type II-CALR Type I",6.8,-32.2615225154506,45.8615225154506,0.993661724172786
"hemogram","CENTRE_AtratadosnotratadosMPLCONTN","EPO..mlU.ml.","ok",28,"Genotype","MPL W515-CALR Type I",-11.8,-50.8615225154506,27.2615225154506,0.9312361445072
"hemogram","CENTRE_AtratadosnotratadosMPLCONTN","EPO..mlU.ml.","ok",28,"Genotype","TN-CALR Type I",-4.11818181818182,-26.151852115103,17.9154884787394,0.991218986487818
"hemogram","CENTRE_AtratadosnotratadosMPLCONTN","EPO..mlU.ml.","ok",28,"Genotype","MPL W515-CALR Type II",-18.6,-66.4403993695452,29.2403993695452,0.826845847102157
"hemogram","CENTRE_AtratadosnotratadosMPLCONTN","EPO..mlU.ml.","ok",28,"Genotype","TN-CALR Type II",-10.9181818181818,-46.2506583428461,24.4142947064825,0.924866479290619
"hemogram","CENTRE_AtratadosnotratadosMPLCONTN","EPO..mlU.ml.","ok",28,"Genotype","TN-MPL W515",7.68181818181818,-27.6506583428461,43.0142947064825,0.982687022866091
"hemogram","CENTRE_AtratadosnotratadosMPLCONTN","TPO..pg.ml.","ok",28,"Genotype","JAK2 V617F-CNTRL",-18.24,-210.028063568272,173.548063568272,0.999910171072657
"hemogram","CENTRE_AtratadosnotratadosMPLCONTN","TPO..pg.ml.","ok",28,"Genotype","CALR Type I-CNTRL",0.859999999999957,-230.445107681741,232.165107681741,1
"hemogram","CENTRE_AtratadosnotratadosMPLCONTN","TPO..pg.ml.","ok",28,"Genotype","CALR Type II-CNTRL",-38.14,-385.097661522612,308.817661522612,0.999791315951068
"hemogram","CENTRE_AtratadosnotratadosMPLCONTN","TPO..pg.ml.","ok",28,"Genotype","CALR Type_Other-CNTRL",-53.34,-400.297661522612,293.617661522612,0.998584379087062
"hemogram","CENTRE_AtratadosnotratadosMPLCONTN","TPO..pg.ml.","ok",28,"Genotype","MPL W515-CNTRL",-23.9400000000001,-288.933291145373,241.053291145373,0.999933497717703
"hemogram","CENTRE_AtratadosnotratadosMPLCONTN","TPO..pg.ml.","ok",28,"Genotype","TN-CNTRL",-15.3600000000001,-188.838830761306,158.118830761306,0.999940901619604
"hemogram","CENTRE_AtratadosnotratadosMPLCONTN","TPO..pg.ml.","ok",28,"Genotype","CALR Type I-JAK2 V617F",19.0999999999999,-204.860207486024,243.060207486024,0.999952575323992
"hemogram","CENTRE_AtratadosnotratadosMPLCONTN","TPO..pg.ml.","ok",28,"Genotype","CALR Type II-JAK2 V617F",-19.9,-362.004867820908,322.204867820907,0.99999506122143
"hemogram","CENTRE_AtratadosnotratadosMPLCONTN","TPO..pg.ml.","ok",28,"Genotype","CALR Type_Other-JAK2 V617F",-35.1,-377.204867820908,307.004867820907,0.999860185875043
"hemogram","CENTRE_AtratadosnotratadosMPLCONTN","TPO..pg.ml.","ok",28,"Genotype","MPL W515-JAK2 V617F",-5.70000000000007,-264.306972159641,252.906972159641,0.999999985009292
"hemogram","CENTRE_AtratadosnotratadosMPLCONTN","TPO..pg.ml.","ok",28,"Genotype","TN-JAK2 V617F",2.87999999999991,-160.677410164844,166.437410164844,0.999999996096867
"hemogram","CENTRE_AtratadosnotratadosMPLCONTN","TPO..pg.ml.","ok",28,"Genotype","CALR Type II-CALR Type I",-39,-404.725487352406,326.725487352406,0.999825026621316
"hemogram","CENTRE_AtratadosnotratadosMPLCONTN","TPO..pg.ml.","ok",28,"Genotype","CALR Type_Other-CALR Type I",-54.2,-419.925487352406,311.525487352406,0.998847961544973
"hemogram","CENTRE_AtratadosnotratadosMPLCONTN","TPO..pg.ml.","ok",28,"Genotype","MPL W515-CALR Type I",-24.8,-313.931384602177,264.331384602177,0.999950948412585
"hemogram","CENTRE_AtratadosnotratadosMPLCONTN","TPO..pg.ml.","ok",28,"Genotype","TN-CALR Type I",-16.22,-224.71560650581,192.275606505809,0.999972385629905
"hemogram","CENTRE_AtratadosnotratadosMPLCONTN","TPO..pg.ml.","ok",28,"Genotype","CALR Type_Other-CALR Type II",-15.2,-463.120414972049,432.720414972049,0.999999801505277
"hemogram","CENTRE_AtratadosnotratadosMPLCONTN","TPO..pg.ml.","ok",28,"Genotype","MPL W515-CALR Type II",14.2,-373.710458239462,402.110458239462,0.99999968773721
"hemogram","CENTRE_AtratadosnotratadosMPLCONTN","TPO..pg.ml.","ok",28,"Genotype","TN-CALR Type II",22.7799999999999,-309.406670385497,354.966670385497,0.999986892643239
"hemogram","CENTRE_AtratadosnotratadosMPLCONTN","TPO..pg.ml.","ok",28,"Genotype","MPL W515-CALR Type_Other",29.3999999999999,-358.510458239462,417.310458239462,0.999976326450745
"hemogram","CENTRE_AtratadosnotratadosMPLCONTN","TPO..pg.ml.","ok",28,"Genotype","TN-CALR Type_Other",37.9799999999999,-294.206670385497,370.166670385497,0.999738044527177
"hemogram","CENTRE_AtratadosnotratadosMPLCONTN","TPO..pg.ml.","ok",28,"Genotype","TN-MPL W515",8.57999999999998,-236.756115247266,253.916115247266,0.99999976232875
"hemogram","CENTRE_AtratadosnotratadosMPLCONTN","HGB.gr.dl.","ok",72,"Genotype","JAK2 V617F-CNTRL",0.277142857142859,-1.20561985803645,1.75990557232217,0.997474773267078
"hemogram","CENTRE_AtratadosnotratadosMPLCONTN","HGB.gr.dl.","ok",72,"Genotype","CALR Type I-CNTRL",-0.576190476190474,-2.28094146415985,1.1285605117789,0.945524553908408
"hemogram","CENTRE_AtratadosnotratadosMPLCONTN","HGB.gr.dl.","ok",72,"Genotype","CALR Type II-CNTRL",-0.409523809523808,-2.35648663859973,1.53743901955212,0.995162063606523
"hemogram","CENTRE_AtratadosnotratadosMPLCONTN","HGB.gr.dl.","ok",72,"Genotype","CALR Type_Other-CNTRL",0.857142857142856,-1.68138609448753,3.39567180877324,0.945777529832734
"hemogram","CENTRE_AtratadosnotratadosMPLCONTN","HGB.gr.dl.","ok",72,"Genotype","MPL W515-CNTRL",0.977142857142859,-1.10164459084113,3.05593030512685,0.783554144870902
"hemogram","CENTRE_AtratadosnotratadosMPLCONTN","HGB.gr.dl.","ok",72,"Genotype","TN-CNTRL",0.0521428571428579,-1.33826671254504,1.44255242683076,0.999999795837267
"hemogram","CENTRE_AtratadosnotratadosMPLCONTN","HGB.gr.dl.","ok",72,"Genotype","CALR Type I-JAK2 V617F",-0.853333333333333,-2.53570149929062,0.829034832623952,0.71790063845251
"hemogram","CENTRE_AtratadosnotratadosMPLCONTN","HGB.gr.dl.","ok",72,"Genotype","CALR Type II-JAK2 V617F",-0.686666666666667,-2.61406153348749,1.24072820015416,0.930626851244333
"hemogram","CENTRE_AtratadosnotratadosMPLCONTN","HGB.gr.dl.","ok",72,"Genotype","CALR Type_Other-JAK2 V617F",0.579999999999997,-1.94355224893593,3.10355224893593,0.992194304049273
"hemogram","CENTRE_AtratadosnotratadosMPLCONTN","HGB.gr.dl.","ok",72,"Genotype","MPL W515-JAK2 V617F",0.699999999999999,-1.36047178304866,2.76047178304866,0.944210447961182
"hemogram","CENTRE_AtratadosnotratadosMPLCONTN","HGB.gr.dl.","ok",72,"Genotype","TN-JAK2 V617F",-0.225000000000001,-1.58787398035315,1.13787398035315,0.998741177080659
"hemogram","CENTRE_AtratadosnotratadosMPLCONTN","HGB.gr.dl.","ok",72,"Genotype","CALR Type II-CALR Type I",0.166666666666666,-1.93629354077994,2.26962687411327,0.999982378005705
"hemogram","CENTRE_AtratadosnotratadosMPLCONTN","HGB.gr.dl.","ok",72,"Genotype","CALR Type_Other-CALR Type I",1.43333333333333,-1.22672430035926,4.09339096702592,0.657700518605385
"hemogram","CENTRE_AtratadosnotratadosMPLCONTN","HGB.gr.dl.","ok",72,"Genotype","MPL W515-CALR Type I",1.55333333333333,-0.672230557054077,3.77889722372074,0.351586741214202
"hemogram","CENTRE_AtratadosnotratadosMPLCONTN","HGB.gr.dl.","ok",72,"Genotype","TN-CALR Type I",0.628333333333332,-0.973233445724053,2.22990011239072,0.894070476254214
"hemogram","CENTRE_AtratadosnotratadosMPLCONTN","HGB.gr.dl.","ok",72,"Genotype","CALR Type_Other-CALR Type II",1.26666666666666,-1.55475052002994,4.08808385336327,0.817537817762378
"hemogram","CENTRE_AtratadosnotratadosMPLCONTN","HGB.gr.dl.","ok",72,"Genotype","MPL W515-CALR Type II",1.38666666666667,-1.02945066430406,3.8027839976374,0.588257997911338
"hemogram","CENTRE_AtratadosnotratadosMPLCONTN","HGB.gr.dl.","ok",72,"Genotype","TN-CALR Type II",0.461666666666666,-1.3956174996905,2.31895083302383,0.988181666589409
"hemogram","CENTRE_AtratadosnotratadosMPLCONTN","HGB.gr.dl.","ok",72,"Genotype","MPL W515-CALR Type_Other",0.120000000000003,-2.79394714047449,3.03394714047449,0.999999642689905
"hemogram","CENTRE_AtratadosnotratadosMPLCONTN","HGB.gr.dl.","ok",72,"Genotype","TN-CALR Type_Other",-0.804999999999998,-3.27541888251028,1.66541888251028,0.954125506778413
"hemogram","CENTRE_AtratadosnotratadosMPLCONTN","HGB.gr.dl.","ok",72,"Genotype","TN-MPL W515",-0.925000000000001,-2.92004322526944,1.07004322526944,0.794146984686415
"hemogram","CENTRE_AtratadosnotratadosMPLCONTN","HCT....","ok",72,"Genotype","JAK2 V617F-CNTRL",-0.331674208144783,-5.07258818242468,4.40923976613512,0.999991587169035
"hemogram","CENTRE_AtratadosnotratadosMPLCONTN","HCT....","ok",72,"Genotype","CALR Type I-CNTRL",-3.3957264957265,-8.97549259546693,2.18403960401393,0.519090618305142
"hemogram","CENTRE_AtratadosnotratadosMPLCONTN","HCT....","ok",72,"Genotype","CALR Type II-CNTRL",-0.0179487179487126,-6.36872893931686,6.33283150341943,1
"hemogram","CENTRE_AtratadosnotratadosMPLCONTN","HCT....","ok",72,"Genotype","CALR Type_Other-CNTRL",0.315384615384616,-7.92647612701122,8.55724535778045,0.999999769647932
"hemogram","CENTRE_AtratadosnotratadosMPLCONTN","HCT....","ok",72,"Genotype","MPL W515-CNTRL",-1.58461538461538,-8.35599495125509,5.18676418202433,0.991406413879998
"hemogram","CENTRE_AtratadosnotratadosMPLCONTN","HCT....","ok",72,"Genotype","TN-CNTRL",-0.595141700404852,-5.22666759982091,4.03638419901121,0.999700267952597
"hemogram","CENTRE_AtratadosnotratadosMPLCONTN","HCT....","ok",72,"Genotype","CALR Type I-JAK2 V617F",-3.06405228758172,-8.36848009394716,2.24037551878373,0.580828998100538
"hemogram","CENTRE_AtratadosnotratadosMPLCONTN","HCT....","ok",72,"Genotype","CALR Type II-JAK2 V617F",0.31372549019607,-5.79655879494576,6.4240097753379,0.999998666083301
"hemogram","CENTRE_AtratadosnotratadosMPLCONTN","HCT....","ok",72,"Genotype","CALR Type_Other-JAK2 V617F",0.647058823529399,-7.41094546550991,8.70506311256871,0.999980955146145
"hemogram","CENTRE_AtratadosnotratadosMPLCONTN","HCT....","ok",72,"Genotype","MPL W515-JAK2 V617F",-1.2529411764706,-7.79929480735827,5.29341245441707,0.997119595377266
"hemogram","CENTRE_AtratadosnotratadosMPLCONTN","HCT....","ok",72,"Genotype","TN-JAK2 V617F",-0.263467492260069,-4.55930231009142,4.03236732557128,0.999996153131685
"hemogram","CENTRE_AtratadosnotratadosMPLCONTN","HCT....","ok",72,"Genotype","CALR Type II-CALR Type I",3.37777777777779,-3.40404339809682,10.1595989536524,0.734675834365187
"hemogram","CENTRE_AtratadosnotratadosMPLCONTN","HCT....","ok",72,"Genotype","CALR Type_Other-CALR Type I",3.71111111111112,-4.86728952877894,12.2895117510012,0.841912355762541
"hemogram","CENTRE_AtratadosnotratadosMPLCONTN","HCT....","ok",72,"Genotype","MPL W515-CALR Type I",1.81111111111112,-5.36609379587923,8.98831601810146,0.987213650245966
"hemogram","CENTRE_AtratadosnotratadosMPLCONTN","HCT....","ok",72,"Genotype","TN-CALR Type I",2.80058479532165,-2.40630690687288,8.00747649751618,0.659598711290994
"hemogram","CENTRE_AtratadosnotratadosMPLCONTN","HCT....","ok",72,"Genotype","CALR Type_Other-CALR Type II",0.333333333333329,-8.76543456296858,9.43210122963524,0.99999982249027
"hemogram","CENTRE_AtratadosnotratadosMPLCONTN","HCT....","ok",72,"Genotype","MPL W515-CALR Type II",-1.56666666666667,-9.35838598715265,6.22505265381931,0.996219354433207
"hemogram","CENTRE_AtratadosnotratadosMPLCONTN","HCT....","ok",72,"Genotype","TN-CALR Type II",-0.57719298245614,-6.6029992264944,5.44861326158212,0.999946089970886
"hemogram","CENTRE_AtratadosnotratadosMPLCONTN","HCT....","ok",72,"Genotype","MPL W515-CALR Type_Other",-1.9,-11.2971670755691,7.49716707556907,0.996102237950226
"hemogram","CENTRE_AtratadosnotratadosMPLCONTN","HCT....","ok",72,"Genotype","TN-CALR Type_Other",-0.910526315789468,-8.90466166413173,7.08360903255279,0.999851289173777
"hemogram","CENTRE_AtratadosnotratadosMPLCONTN","HCT....","ok",72,"Genotype","TN-MPL W515",0.98947368421053,-5.47810025862734,7.45704762704841,0.999183025022781
"hemogram","CENTRE_AtratadosnotratadosMPLCONTN","MCH..pg.","ok",72,"Genotype","JAK2 V617F-CNTRL",0.804201680672275,-1.81658109437884,3.42498445572339,0.965635606596437
"hemogram","CENTRE_AtratadosnotratadosMPLCONTN","MCH..pg.","ok",72,"Genotype","CALR Type I-CNTRL",1.00158730158731,-2.10095207943742,4.10412668261204,0.956116172879872
"hemogram","CENTRE_AtratadosnotratadosMPLCONTN","MCH..pg.","ok",72,"Genotype","CALR Type II-CNTRL",1.65714285714286,-1.88620681282542,5.20049252711114,0.787513160661264
"hemogram","CENTRE_AtratadosnotratadosMPLCONTN","MCH..pg.","ok",72,"Genotype","CALR Type_Other-CNTRL",2.75714285714286,-1.86281988104339,7.37710559532911,0.542554204865273
"hemogram","CENTRE_AtratadosnotratadosMPLCONTN","MCH..pg.","ok",72,"Genotype","MPL W515-CNTRL",3.03714285714286,-0.746119312913207,6.82040502719893,0.198107679651123
"hemogram","CENTRE_AtratadosnotratadosMPLCONTN","MCH..pg.","ok",72,"Genotype","TN-CNTRL",1.34603174603175,-1.24166497846174,3.93372847052523,0.693635955301373
"hemogram","CENTRE_AtratadosnotratadosMPLCONTN","MCH..pg.","ok",72,"Genotype","CALR Type I-JAK2 V617F",0.197385620915032,-2.7961168151313,3.19088805696137,0.999994081706013
"hemogram","CENTRE_AtratadosnotratadosMPLCONTN","MCH..pg.","ok",72,"Genotype","CALR Type II-JAK2 V617F",0.852941176470587,-2.59533855514492,4.3012209080861,0.988482170987875
"hemogram","CENTRE_AtratadosnotratadosMPLCONTN","MCH..pg.","ok",72,"Genotype","CALR Type_Other-JAK2 V617F",1.95294117647058,-2.59451546719688,6.50039782013805,0.846411037442301
"hemogram","CENTRE_AtratadosnotratadosMPLCONTN","MCH..pg.","ok",72,"Genotype","MPL W515-JAK2 V617F",2.23294117647059,-1.46143006518656,5.92731241812773,0.527357106714227
"hemogram","CENTRE_AtratadosnotratadosMPLCONTN","MCH..pg.","ok",72,"Genotype","TN-JAK2 V617F",0.541830065359473,-1.91407721337894,2.99773734409789,0.993733465079299
"hemogram","CENTRE_AtratadosnotratadosMPLCONTN","MCH..pg.","ok",72,"Genotype","CALR Type II-CALR Type I",0.655555555555555,-3.1716995135867,4.48281062469781,0.998450472777007
"hemogram","CENTRE_AtratadosnotratadosMPLCONTN","MCH..pg.","ok",72,"Genotype","CALR Type_Other-CALR Type I",1.75555555555555,-3.08558172641034,6.59669283752144,0.924871546266586
"hemogram","CENTRE_AtratadosnotratadosMPLCONTN","MCH..pg.","ok",72,"Genotype","MPL W515-CALR Type I",2.03555555555555,-2.01483049122913,6.08594160234024,0.726485906865215
"hemogram","CENTRE_AtratadosnotratadosMPLCONTN","MCH..pg.","ok",72,"Genotype","TN-CALR Type I",0.344444444444441,-2.62013458445073,3.30902347333961,0.999833012120563
"hemogram","CENTRE_AtratadosnotratadosMPLCONTN","MCH..pg.","ok",72,"Genotype","CALR Type_Other-CALR Type II",1.1,-4.03480150109964,6.23480150109964,0.994655954225858
"hemogram","CENTRE_AtratadosnotratadosMPLCONTN","MCH..pg.","ok",72,"Genotype","MPL W515-CALR Type II",1.38,-3.01718130179358,5.77718130179358,0.961674321333423
"hemogram","CENTRE_AtratadosnotratadosMPLCONTN","MCH..pg.","ok",72,"Genotype","TN-CALR Type II",-0.311111111111114,-3.73431211184421,3.11208988962198,0.999960436250948
"hemogram","CENTRE_AtratadosnotratadosMPLCONTN","MCH..pg.","ok",72,"Genotype","MPL W515-CALR Type_Other",0.280000000000001,-5.02320018662393,5.58320018662393,0.999998424233595
"hemogram","CENTRE_AtratadosnotratadosMPLCONTN","MCH..pg.","ok",72,"Genotype","TN-CALR Type_Other",-1.41111111111111,-5.93958037897471,3.11735815675249,0.962971856301774
"hemogram","CENTRE_AtratadosnotratadosMPLCONTN","MCH..pg.","ok",72,"Genotype","TN-MPL W515",-1.69111111111111,-5.36208521278127,1.97986299055905,0.798991083136114
"hemogram","CENTRE_AtratadosnotratadosMPLCONTN","MCHC..gr.dl.","ok",72,"Genotype","JAK2 V617F-CNTRL",0.231221719457011,-1.0621213901424,1.52456482905643,0.998029626189005
"hemogram","CENTRE_AtratadosnotratadosMPLCONTN","MCHC..gr.dl.","ok",72,"Genotype","CALR Type I-CNTRL",-0.0145299145299163,-1.53671573722707,1.50765590816724,0.999999999944024
"hemogram","CENTRE_AtratadosnotratadosMPLCONTN","MCHC..gr.dl.","ok",72,"Genotype","CALR Type II-CNTRL",0.0410256410256409,-1.6914963757094,1.77354765776068,0.999999986989054
"hemogram","CENTRE_AtratadosnotratadosMPLCONTN","MCHC..gr.dl.","ok",72,"Genotype","CALR Type_Other-CNTRL",0.341025641025638,-1.9073918285351,2.58944311058638,0.999222319124718
"hemogram","CENTRE_AtratadosnotratadosMPLCONTN","MCHC..gr.dl.","ok",72,"Genotype","MPL W515-CNTRL",0.657692307692308,-1.34942174685187,2.66480636223649,0.952896016231668
"hemogram","CENTRE_AtratadosnotratadosMPLCONTN","MCHC..gr.dl.","ok",72,"Genotype","TN-CNTRL",0.597692307692306,-0.652910960016381,1.84829557540099,0.770226720049982
"hemogram","CENTRE_AtratadosnotratadosMPLCONTN","MCHC..gr.dl.","ok",72,"Genotype","CALR Type I-JAK2 V617F",-0.245751633986927,-1.69282390548334,1.20132063750948,0.998523363612374
"hemogram","CENTRE_AtratadosnotratadosMPLCONTN","MCHC..gr.dl.","ok",72,"Genotype","CALR Type II-JAK2 V617F",-0.19019607843137,-1.85710969904439,1.47671754218165,0.999849748387685
"hemogram","CENTRE_AtratadosnotratadosMPLCONTN","MCHC..gr.dl.","ok",72,"Genotype","CALR Type_Other-JAK2 V617F",0.109803921568627,-2.08845666297077,2.30806450610802,0.999998868047983
"hemogram","CENTRE_AtratadosnotratadosMPLCONTN","MCHC..gr.dl.","ok",72,"Genotype","MPL W515-JAK2 V617F",0.426470588235297,-1.52429216209144,2.37723333856204,0.994034972548165
"hemogram","CENTRE_AtratadosnotratadosMPLCONTN","MCHC..gr.dl.","ok",72,"Genotype","TN-JAK2 V617F",0.366470588235295,-0.791535030627242,1.52447620709783,0.960102715722585
"hemogram","CENTRE_AtratadosnotratadosMPLCONTN","MCHC..gr.dl.","ok",72,"Genotype","CALR Type II-CALR Type I",0.0555555555555571,-1.79455641355797,1.90566752466909,0.999999946016107
"hemogram","CENTRE_AtratadosnotratadosMPLCONTN","MCHC..gr.dl.","ok",72,"Genotype","CALR Type_Other-CALR Type I",0.355555555555554,-1.98467154393958,2.69578265505069,0.99921472703405
"hemogram","CENTRE_AtratadosnotratadosMPLCONTN","MCHC..gr.dl.","ok",72,"Genotype","MPL W515-CALR Type I",0.672222222222224,-1.4372299786428,2.78167442308724,0.958751005525996
"hemogram","CENTRE_AtratadosnotratadosMPLCONTN","MCHC..gr.dl.","ok",72,"Genotype","TN-CALR Type I",0.612222222222222,-0.796781075498951,2.02122551994339,0.839174254992554
"hemogram","CENTRE_AtratadosnotratadosMPLCONTN","MCHC..gr.dl.","ok",72,"Genotype","CALR Type_Other-CALR Type II",0.299999999999997,-2.18218567735431,2.7821856773543,0.999789922179976
"hemogram","CENTRE_AtratadosnotratadosMPLCONTN","MCHC..gr.dl.","ok",72,"Genotype","MPL W515-CALR Type II",0.616666666666667,-1.64924847900532,2.88258181233866,0.981118263065234
"hemogram","CENTRE_AtratadosnotratadosMPLCONTN","MCHC..gr.dl.","ok",72,"Genotype","TN-CALR Type II",0.556666666666665,-1.0773079820475,2.19064131538083,0.943479329449414
"hemogram","CENTRE_AtratadosnotratadosMPLCONTN","MCHC..gr.dl.","ok",72,"Genotype","MPL W515-CALR Type_Other",0.31666666666667,-2.36440029003918,2.99773362337252,0.999816237097702
"hemogram","CENTRE_AtratadosnotratadosMPLCONTN","MCHC..gr.dl.","ok",72,"Genotype","TN-CALR Type_Other",0.256666666666668,-1.91672279028642,2.43005612361976,0.999816391648884
"hemogram","CENTRE_AtratadosnotratadosMPLCONTN","MCHC..gr.dl.","ok",72,"Genotype","TN-MPL W515",-0.0600000000000023,-1.98269275811756,1.86269275811756,0.999999932027695
"hemogram","CENTRE_AtratadosnotratadosMPLCONTN","Lymph.","ok",73,"Genotype","JAK2 V617F-CNTRL",-0.0907563025210116,-4.72853451664615,4.54702191160412,0.999999995868279
"hemogram","CENTRE_AtratadosnotratadosMPLCONTN","Lymph.","ok",73,"Genotype","CALR Type I-CNTRL",-1.63650793650794,-7.12681018008139,3.85379430706552,0.970286888851751
"hemogram","CENTRE_AtratadosnotratadosMPLCONTN","Lymph.","ok",73,"Genotype","CALR Type II-CNTRL",-2.43428571428571,-9.12920565867813,4.26063423010671,0.924168026525539
"hemogram","CENTRE_AtratadosnotratadosMPLCONTN","Lymph.","ok",73,"Genotype","CALR Type_Other-CNTRL",0.585714285714289,-7.58984407845125,8.76127264987983,0.99999035292853
"hemogram","CENTRE_AtratadosnotratadosMPLCONTN","Lymph.","ok",73,"Genotype","MPL W515-CNTRL",-4.27428571428571,-10.9692056586781,2.42063423010671,0.461065379847891
"hemogram","CENTRE_AtratadosnotratadosMPLCONTN","Lymph.","ok",73,"Genotype","TN-CNTRL",-0.804285714285715,-5.28222345053922,3.67365202196779,0.997985318624102
"hemogram","CENTRE_AtratadosnotratadosMPLCONTN","Lymph.","ok",73,"Genotype","CALR Type I-JAK2 V617F",-1.54575163398692,-6.84310039329241,3.75159712531857,0.973259587681521
"hemogram","CENTRE_AtratadosnotratadosMPLCONTN","Lymph.","ok",73,"Genotype","CALR Type II-JAK2 V617F",-2.3435294117647,-8.88114657811447,4.19408775458507,0.928858784222518
"hemogram","CENTRE_AtratadosnotratadosMPLCONTN","Lymph.","ok",73,"Genotype","CALR Type_Other-JAK2 V617F",0.676470588235301,-7.37077985634543,8.72372103281603,0.999975135754117
"hemogram","CENTRE_AtratadosnotratadosMPLCONTN","Lymph.","ok",73,"Genotype","MPL W515-JAK2 V617F",-4.1835294117647,-10.7211465781145,2.35408775458507,0.458215417494838
"hemogram","CENTRE_AtratadosnotratadosMPLCONTN","Lymph.","ok",73,"Genotype","TN-JAK2 V617F",-0.713529411764704,-4.95268162909435,3.52562280556494,0.998601100205476
"hemogram","CENTRE_AtratadosnotratadosMPLCONTN","Lymph.","ok",73,"Genotype","CALR Type II-CALR Type I",-0.797777777777775,-7.96540431493254,6.36984875937699,0.999870537780781
"hemogram","CENTRE_AtratadosnotratadosMPLCONTN","Lymph.","ok",73,"Genotype","CALR Type_Other-CALR Type I",2.22222222222222,-6.34473007600955,10.789174520454,0.985293226953629
"hemogram","CENTRE_AtratadosnotratadosMPLCONTN","Lymph.","ok",73,"Genotype","MPL W515-CALR Type I",-2.63777777777778,-9.80540431493254,4.52984875937698,0.919982936353878
"hemogram","CENTRE_AtratadosnotratadosMPLCONTN","Lymph.","ok",73,"Genotype","TN-CALR Type I",0.832222222222221,-4.32576609533578,5.99021053978022,0.99889880158942
"hemogram","CENTRE_AtratadosnotratadosMPLCONTN","Lymph.","ok",73,"Genotype","CALR Type_Other-CALR Type II",3.02,-6.36462604562454,12.4046260456245,0.956902003027992
"hemogram","CENTRE_AtratadosnotratadosMPLCONTN","Lymph.","ok",73,"Genotype","MPL W515-CALR Type II",-1.84,-9.96732456052796,6.28732456052795,0.992824596134458
"hemogram","CENTRE_AtratadosnotratadosMPLCONTN","Lymph.","ok",73,"Genotype","TN-CALR Type II",1.63,-4.79521422367384,8.05521422367383,0.986898012322284
"hemogram","CENTRE_AtratadosnotratadosMPLCONTN","Lymph.","ok",73,"Genotype","MPL W515-CALR Type_Other",-4.86,-14.2446260456245,4.52462604562454,0.698453584759391
"hemogram","CENTRE_AtratadosnotratadosMPLCONTN","Lymph.","ok",73,"Genotype","TN-CALR Type_Other",-1.39,-9.34620382620721,6.5662038262072,0.998274845700608
"hemogram","CENTRE_AtratadosnotratadosMPLCONTN","Lymph.","ok",73,"Genotype","TN-MPL W515",3.47,-2.95521422367384,9.89521422367383,0.655796810260427
"hemogram","CENTRE_AtratadosnotratadosMPLCONTN","Mono.","ok",73,"Genotype","JAK2 V617F-CNTRL",1.41218487394958,-1.33974550092916,4.16411524882832,0.707303652924795
"hemogram","CENTRE_AtratadosnotratadosMPLCONTN","Mono.","ok",73,"Genotype","CALR Type I-CNTRL",2.38015873015873,-0.877636018485766,5.63795347880322,0.298240770255054
"hemogram","CENTRE_AtratadosnotratadosMPLCONTN","Mono.","ok",73,"Genotype","CALR Type II-CNTRL",1.99571428571428,-1.97686756312052,5.96829613454909,0.727277283705688
"hemogram","CENTRE_AtratadosnotratadosMPLCONTN","Mono.","ok",73,"Genotype","CALR Type_Other-CNTRL",0.202380952380952,-4.64877111983715,5.05353302459905,0.999999615532274
"hemogram","CENTRE_AtratadosnotratadosMPLCONTN","Mono.","ok",73,"Genotype","MPL W515-CNTRL",2.49571428571429,-1.47686756312052,6.46829613454909,0.480862030355949
"hemogram","CENTRE_AtratadosnotratadosMPLCONTN","Mono.","ok",73,"Genotype","TN-CNTRL",1.78571428571428,-0.871371134127501,4.44279970555607,0.397883518873495
"hemogram","CENTRE_AtratadosnotratadosMPLCONTN","Mono.","ok",73,"Genotype","CALR Type I-JAK2 V617F",0.967973856209148,-2.17532758771489,4.11127530013319,0.965140387140198
"hemogram","CENTRE_AtratadosnotratadosMPLCONTN","Mono.","ok",73,"Genotype","CALR Type II-JAK2 V617F",0.583529411764704,-3.29571328350084,4.46277210703025,0.999261081318149
"hemogram","CENTRE_AtratadosnotratadosMPLCONTN","Mono.","ok",73,"Genotype","CALR Type_Other-JAK2 V617F",-1.20980392156863,-5.98482159387784,3.56521375074059,0.986985764599281
"hemogram","CENTRE_AtratadosnotratadosMPLCONTN","Mono.","ok",73,"Genotype","MPL W515-JAK2 V617F",1.08352941176471,-2.79571328350084,4.96277210703025,0.97852445827984
"hemogram","CENTRE_AtratadosnotratadosMPLCONTN","Mono.","ok",73,"Genotype","TN-JAK2 V617F",0.373529411764705,-2.14186723119543,2.88892605472484,0.999313560398444
"hemogram","CENTRE_AtratadosnotratadosMPLCONTN","Mono.","ok",73,"Genotype","CALR Type II-CALR Type I",-0.384444444444444,-4.63751741876389,3.86862852987501,0.999961835318031
"hemogram","CENTRE_AtratadosnotratadosMPLCONTN","Mono.","ok",73,"Genotype","CALR Type_Other-CALR Type I",-2.17777777777778,-7.2611722742713,2.90561671871575,0.848218451109907
"hemogram","CENTRE_AtratadosnotratadosMPLCONTN","Mono.","ok",73,"Genotype","MPL W515-CALR Type I",0.115555555555558,-4.13751741876389,4.36862852987501,0.999999970470286
"hemogram","CENTRE_AtratadosnotratadosMPLCONTN","Mono.","ok",73,"Genotype","TN-CALR Type I",-0.594444444444443,-3.6550532249864,2.46616433609751,0.996887501578282
"hemogram","CENTRE_AtratadosnotratadosMPLCONTN","Mono.","ok",73,"Genotype","CALR Type_Other-CALR Type II",-1.79333333333333,-7.36191300218757,3.77524633552091,0.956747060717223
"hemogram","CENTRE_AtratadosnotratadosMPLCONTN","Mono.","ok",73,"Genotype","MPL W515-CALR Type II",0.500000000000002,-4.32253145622531,5.32253145622531,0.999914524268646
"hemogram","CENTRE_AtratadosnotratadosMPLCONTN","Mono.","ok",73,"Genotype","TN-CALR Type II",-0.209999999999999,-4.02254587237015,3.60254587237015,0.999997980235641
"hemogram","CENTRE_AtratadosnotratadosMPLCONTN","Mono.","ok",73,"Genotype","MPL W515-CALR Type_Other",2.29333333333333,-3.27524633552091,7.86191300218758,0.870567381070025
"hemogram","CENTRE_AtratadosnotratadosMPLCONTN","Mono.","ok",73,"Genotype","TN-CALR Type_Other",1.58333333333333,-3.13765977310316,6.30432643976982,0.947606849184677
"hemogram","CENTRE_AtratadosnotratadosMPLCONTN","Mono.","ok",73,"Genotype","TN-MPL W515",-0.710000000000001,-4.52254587237015,3.10254587237015,0.997534807874267
"hemogram","CENTRE_AtratadosnotratadosMPLCONTN","Eos.","ok",73,"Genotype","JAK2 V617F-CNTRL",0.864285714285715,-1.27319184773522,3.00176327630665,0.880013861148174
"hemogram","CENTRE_AtratadosnotratadosMPLCONTN","Eos.","ok",73,"Genotype","CALR Type I-CNTRL",-0.557936507936506,-3.08832871569868,1.97245569982567,0.993775284862846
"hemogram","CENTRE_AtratadosnotratadosMPLCONTN","Eos.","ok",73,"Genotype","CALR Type II-CNTRL",-0.955714285714284,-4.04129546272723,2.12986689129866,0.964145640839869
"hemogram","CENTRE_AtratadosnotratadosMPLCONTN","Eos.","ok",73,"Genotype","CALR Type_Other-CNTRL",3.36428571428571,-0.403697952370254,7.13226938094168,0.110522792314306
"hemogram","CENTRE_AtratadosnotratadosMPLCONTN","Eos.","ok",73,"Genotype","MPL W515-CNTRL",0.444285714285714,-2.64129546272723,3.52986689129866,0.999424704624326
"hemogram","CENTRE_AtratadosnotratadosMPLCONTN","Eos.","ok",73,"Genotype","TN-CNTRL",0.574285714285715,-1.48952393625278,2.63809536482421,0.978929614247806
"hemogram","CENTRE_AtratadosnotratadosMPLCONTN","Eos.","ok",73,"Genotype","CALR Type I-JAK2 V617F",-1.42222222222222,-3.86368526517863,1.01924082073419,0.571548485562726
"hemogram","CENTRE_AtratadosnotratadosMPLCONTN","Eos.","ok",73,"Genotype","CALR Type II-JAK2 V617F",-1.82,-4.83308285066226,1.19308285066226,0.528610067986644
"hemogram","CENTRE_AtratadosnotratadosMPLCONTN","Eos.","ok",73,"Genotype","CALR Type_Other-JAK2 V617F",2.5,-1.20884860532276,6.20884860532276,0.394232365326966
"hemogram","CENTRE_AtratadosnotratadosMPLCONTN","Eos.","ok",73,"Genotype","MPL W515-JAK2 V617F",-0.420000000000001,-3.43308285066226,2.59308285066226,0.99952250123015
"hemogram","CENTRE_AtratadosnotratadosMPLCONTN","Eos.","ok",73,"Genotype","TN-JAK2 V617F",-0.29,-2.24375723637157,1.66375723637157,0.999315284269588
"hemogram","CENTRE_AtratadosnotratadosMPLCONTN","Eos.","ok",73,"Genotype","CALR Type II-CALR Type I",-0.397777777777778,-3.70122183843866,2.9056662828831,0.999795228955064
"hemogram","CENTRE_AtratadosnotratadosMPLCONTN","Eos.","ok",73,"Genotype","CALR Type_Other-CALR Type I",3.92222222222222,-0.0261486284154433,7.87059307285988,0.0526618085510154
"hemogram","CENTRE_AtratadosnotratadosMPLCONTN","Eos.","ok",73,"Genotype","MPL W515-CALR Type I",1.00222222222222,-2.30122183843866,4.3056662828831,0.967590022679352
"hemogram","CENTRE_AtratadosnotratadosMPLCONTN","Eos.","ok",73,"Genotype","TN-CALR Type I",1.13222222222222,-1.24501182928278,3.50945627372722,0.773456055333901
"hemogram","CENTRE_AtratadosnotratadosMPLCONTN","Eos.","ok",73,"Genotype","CALR Type_Other-CALR Type II",4.32,-0.00522356058022044,8.64522356058022,0.0504765101679463
"hemogram","CENTRE_AtratadosnotratadosMPLCONTN","Eos.","ok",73,"Genotype","MPL W515-CALR Type II",1.4,-2.34575348050945,5.14575348050945,0.914317462646867
"hemogram","CENTRE_AtratadosnotratadosMPLCONTN","Eos.","ok",73,"Genotype","TN-CALR Type II",1.53,-1.43127813797825,4.49127813797825,0.7007163580606
"hemogram","CENTRE_AtratadosnotratadosMPLCONTN","Eos.","ok",73,"Genotype","MPL W515-CALR Type_Other",-2.92,-7.24522356058022,1.40522356058022,0.392334607133339
"hemogram","CENTRE_AtratadosnotratadosMPLCONTN","Eos.","ok",73,"Genotype","TN-CALR Type_Other",-2.79,-6.45688667983038,0.876886679830381,0.25308246335672
"hemogram","CENTRE_AtratadosnotratadosMPLCONTN","Eos.","ok",73,"Genotype","TN-MPL W515",0.13,-2.83127813797825,3.09127813797825,0.999999478600055
"hemogram","CENTRE_AtratadosnotratadosMPLCONTN","Baso.","ok",73,"Genotype","JAK2 V617F-CNTRL",-0.395798319327731,-1.48333150368594,0.69173486503048,0.923851031185027
"hemogram","CENTRE_AtratadosnotratadosMPLCONTN","Baso.","ok",73,"Genotype","CALR Type I-CNTRL",0.39047619047619,-0.896969134929223,1.6779215158816,0.967637987747646
"hemogram","CENTRE_AtratadosnotratadosMPLCONTN","Baso.","ok",73,"Genotype","CALR Type II-CNTRL",-0.842857142857142,-2.4127786160257,0.727064330311419,0.661993687635495
"hemogram","CENTRE_AtratadosnotratadosMPLCONTN","Baso.","ok",73,"Genotype","CALR Type_Other-CNTRL",-0.476190476190476,-2.39331341980338,1.44093246742242,0.98826682664052
"hemogram","CENTRE_AtratadosnotratadosMPLCONTN","Baso.","ok",73,"Genotype","MPL W515-CNTRL",-0.522857142857143,-2.0927786160257,1.04706433031142,0.949294007405369
"hemogram","CENTRE_AtratadosnotratadosMPLCONTN","Baso.","ok",73,"Genotype","TN-CNTRL",-0.0378571428571426,-1.08790862458463,1.01219433887035,0.999999839389369
"hemogram","CENTRE_AtratadosnotratadosMPLCONTN","Baso.","ok",73,"Genotype","CALR Type I-JAK2 V617F",0.786274509803921,-0.455924297227706,2.02847331683555,0.471644284573456
"hemogram","CENTRE_AtratadosnotratadosMPLCONTN","Baso.","ok",73,"Genotype","CALR Type II-JAK2 V617F",-0.447058823529411,-1.98009367055615,1.08597602349733,0.973341712986132
"hemogram","CENTRE_AtratadosnotratadosMPLCONTN","Baso.","ok",73,"Genotype","CALR Type_Other-JAK2 V617F",-0.0803921568627446,-1.96742760730069,1.8066432935752,0.999999564183717
"hemogram","CENTRE_AtratadosnotratadosMPLCONTN","Baso.","ok",73,"Genotype","MPL W515-JAK2 V617F",-0.127058823529412,-1.66009367055615,1.40597602349733,0.999977131587405
"hemogram","CENTRE_AtratadosnotratadosMPLCONTN","Baso.","ok",73,"Genotype","TN-JAK2 V617F",0.357941176470589,-0.636116429788046,1.35199878272922,0.927406150492884
"hemogram","CENTRE_AtratadosnotratadosMPLCONTN","Baso.","ok",73,"Genotype","CALR Type II-CALR Type I",-1.23333333333333,-2.91410187213522,0.447435205468556,0.293268045240662
"hemogram","CENTRE_AtratadosnotratadosMPLCONTN","Baso.","ok",73,"Genotype","CALR Type_Other-CALR Type I",-0.866666666666666,-2.87556930991185,1.14223597657852,0.843963334698307
"hemogram","CENTRE_AtratadosnotratadosMPLCONTN","Baso.","ok",73,"Genotype","MPL W515-CALR Type I",-0.913333333333333,-2.59410187213522,0.767435205468555,0.649261469881417
"hemogram","CENTRE_AtratadosnotratadosMPLCONTN","Baso.","ok",73,"Genotype","TN-CALR Type I",-0.428333333333333,-1.63785289224447,0.781186225577801,0.932668704332958
"hemogram","CENTRE_AtratadosnotratadosMPLCONTN","Baso.","ok",73,"Genotype","CALR Type_Other-CALR Type II",0.366666666666666,-1.83397592040761,2.56730925374094,0.998679049103653
"hemogram","CENTRE_AtratadosnotratadosMPLCONTN","Baso.","ok",73,"Genotype","MPL W515-CALR Type II",0.319999999999999,-1.58581238505623,2.22581238505623,0.998620287529278
"hemogram","CENTRE_AtratadosnotratadosMPLCONTN","Baso.","ok",73,"Genotype","TN-CALR Type II",0.804999999999999,-0.701676982433887,2.31167698243389,0.667021034158969
"hemogram","CENTRE_AtratadosnotratadosMPLCONTN","Baso.","ok",73,"Genotype","MPL W515-CALR Type_Other",-0.046666666666667,-2.24730925374095,2.15397592040761,0.999999993312147
"hemogram","CENTRE_AtratadosnotratadosMPLCONTN","Baso.","ok",73,"Genotype","TN-CALR Type_Other",0.438333333333333,-1.4273521917237,2.30401885839036,0.991253826347485
"hemogram","CENTRE_AtratadosnotratadosMPLCONTN","Baso.","ok",73,"Genotype","TN-MPL W515",0.485,-1.02167698243389,1.99167698243389,0.956839626793594
"hemogram","CENTRE_AtratadosnotratadosMPLCONTN","Lymph..10.6.ml.","ok",73,"Genotype","JAK2 V617F-CNTRL",-0.0356722689075624,-0.690486857591275,0.61914231977615,0.999998108807435
"hemogram","CENTRE_AtratadosnotratadosMPLCONTN","Lymph..10.6.ml.","ok",73,"Genotype","CALR Type I-CNTRL",-0.0376984126984121,-0.812882097512239,0.737485272115415,0.999999039127457
"hemogram","CENTRE_AtratadosnotratadosMPLCONTN","Lymph..10.6.ml.","ok",73,"Genotype","CALR Type II-CNTRL",-0.0661428571428568,-1.0114082508837,0.879122536597988,0.999991612679163
"hemogram","CENTRE_AtratadosnotratadosMPLCONTN","Lymph..10.6.ml.","ok",73,"Genotype","CALR Type_Other-CNTRL",0.301190476190476,-0.853128389508153,1.45550934188911,0.984838946970041
"hemogram","CENTRE_AtratadosnotratadosMPLCONTN","Lymph..10.6.ml.","ok",73,"Genotype","MPL W515-CNTRL",-0.0881428571428566,-1.0334082508837,0.857122536597988,0.999954163480661
"hemogram","CENTRE_AtratadosnotratadosMPLCONTN","Lymph..10.6.ml.","ok",73,"Genotype","TN-CNTRL",0.122857142857143,-0.509389338439772,0.755103624154059,0.996879151834974
"hemogram","CENTRE_AtratadosnotratadosMPLCONTN","Lymph..10.6.ml.","ok",73,"Genotype","CALR Type I-JAK2 V617F",-0.00202614379084975,-0.749966448131846,0.745914160550147,1
"hemogram","CENTRE_AtratadosnotratadosMPLCONTN","Lymph..10.6.ml.","ok",73,"Genotype","CALR Type II-JAK2 V617F",-0.0304705882352945,-0.953526176084798,0.892584999614209,0.999999905232398
"hemogram","CENTRE_AtratadosnotratadosMPLCONTN","Lymph..10.6.ml.","ok",73,"Genotype","CALR Type_Other-JAK2 V617F",0.336862745098039,-0.79934014055396,1.47306563075004,0.971062117891779
"hemogram","CENTRE_AtratadosnotratadosMPLCONTN","Lymph..10.6.ml.","ok",73,"Genotype","MPL W515-JAK2 V617F",-0.0524705882352943,-0.975526176084798,0.87058499961421,0.999997563033687
"hemogram","CENTRE_AtratadosnotratadosMPLCONTN","Lymph..10.6.ml.","ok",73,"Genotype","TN-JAK2 V617F",0.158529411764706,-0.440002598046374,0.757061421575785,0.983621290089981
"hemogram","CENTRE_AtratadosnotratadosMPLCONTN","Lymph..10.6.ml.","ok",73,"Genotype","CALR Type II-CALR Type I",-0.0284444444444447,-1.04045196314612,0.983563074257228,0.999999963820067
"hemogram","CENTRE_AtratadosnotratadosMPLCONTN","Lymph..10.6.ml.","ok",73,"Genotype","CALR Type_Other-CALR Type I",0.338888888888889,-0.870691450324862,1.54846922810264,0.978189912334377
"hemogram","CENTRE_AtratadosnotratadosMPLCONTN","Lymph..10.6.ml.","ok",73,"Genotype","MPL W515-CALR Type I",-0.0504444444444445,-1.06245196314612,0.961563074257229,0.999998886739916
"hemogram","CENTRE_AtratadosnotratadosMPLCONTN","Lymph..10.6.ml.","ok",73,"Genotype","TN-CALR Type I",0.160555555555555,-0.567708247208947,0.888819358320058,0.993779948421251
"hemogram","CENTRE_AtratadosnotratadosMPLCONTN","Lymph..10.6.ml.","ok",73,"Genotype","CALR Type_Other-CALR Type II",0.367333333333333,-0.957695540470911,1.69236220713758,0.979324744274502
"hemogram","CENTRE_AtratadosnotratadosMPLCONTN","Lymph..10.6.ml.","ok",73,"Genotype","MPL W515-CALR Type II",-0.0219999999999998,-1.16950866546236,1.12550866546236,0.99999999634596
"hemogram","CENTRE_AtratadosnotratadosMPLCONTN","Lymph..10.6.ml.","ok",73,"Genotype","TN-CALR Type II",0.189,-0.718185254410313,1.09618525441031,0.995424497919907
"hemogram","CENTRE_AtratadosnotratadosMPLCONTN","Lymph..10.6.ml.","ok",73,"Genotype","MPL W515-CALR Type_Other",-0.389333333333333,-1.71436220713758,0.935695540470911,0.9723212106279
"hemogram","CENTRE_AtratadosnotratadosMPLCONTN","Lymph..10.6.ml.","ok",73,"Genotype","TN-CALR Type_Other",-0.178333333333333,-1.30168121574699,0.945014549080321,0.998995594857057
"hemogram","CENTRE_AtratadosnotratadosMPLCONTN","Lymph..10.6.ml.","ok",73,"Genotype","TN-MPL W515",0.211,-0.696185254410313,1.11818525441031,0.991711035476393
"hemogram","CENTRE_AtratadosnotratadosMPLCONTN","Mono..10.6.ml.","ok",73,"Genotype","JAK2 V617F-CNTRL",0.109663865546218,-0.127116224766581,0.346443955859018,0.795360339168224
"hemogram","CENTRE_AtratadosnotratadosMPLCONTN","Mono..10.6.ml.","ok",73,"Genotype","CALR Type I-CNTRL",0.219206349206349,-0.0610990472696049,0.499511745682303,0.224290708350739
"hemogram","CENTRE_AtratadosnotratadosMPLCONTN","Mono..10.6.ml.","ok",73,"Genotype","CALR Type II-CNTRL",0.173428571428571,-0.168378146331699,0.515235289188842,0.718048946587134
"hemogram","CENTRE_AtratadosnotratadosMPLCONTN","Mono..10.6.ml.","ok",73,"Genotype","CALR Type_Other-CNTRL",0.0614285714285715,-0.355971605649505,0.478828748506648,0.999347945504087
"hemogram","CENTRE_AtratadosnotratadosMPLCONTN","Mono..10.6.ml.","ok",73,"Genotype","MPL W515-CNTRL",0.257428571428571,-0.0843781463316988,0.599235289188842,0.264166058060361
"hemogram","CENTRE_AtratadosnotratadosMPLCONTN","Mono..10.6.ml.","ok",73,"Genotype","TN-CNTRL",0.168928571428571,-0.059690921063742,0.397548063920885,0.285390870427571
"hemogram","CENTRE_AtratadosnotratadosMPLCONTN","Mono..10.6.ml.","ok",73,"Genotype","CALR Type I-JAK2 V617F",0.109542483660131,-0.160911742423072,0.379996709743333,0.879168870620454
"hemogram","CENTRE_AtratadosnotratadosMPLCONTN","Mono..10.6.ml.","ok",73,"Genotype","CALR Type II-JAK2 V617F",0.0637647058823529,-0.270010975404902,0.397540387169608,0.997159551130274
"hemogram","CENTRE_AtratadosnotratadosMPLCONTN","Mono..10.6.ml.","ok",73,"Genotype","CALR Type_Other-JAK2 V617F",-0.0482352941176469,-0.459084756740555,0.362614168505261,0.999823269533821
"hemogram","CENTRE_AtratadosnotratadosMPLCONTN","Mono..10.6.ml.","ok",73,"Genotype","MPL W515-JAK2 V617F",0.147764705882353,-0.186010975404902,0.481540387169608,0.82741173608054
"hemogram","CENTRE_AtratadosnotratadosMPLCONTN","Mono..10.6.ml.","ok",73,"Genotype","TN-JAK2 V617F",0.0592647058823531,-0.157163678254675,0.275693090019382,0.98057926107629
"hemogram","CENTRE_AtratadosnotratadosMPLCONTN","Mono..10.6.ml.","ok",73,"Genotype","CALR Type II-CALR Type I",-0.0457777777777777,-0.411718359763126,0.320162804207571,0.999744438242901
"hemogram","CENTRE_AtratadosnotratadosMPLCONTN","Mono..10.6.ml.","ok",73,"Genotype","CALR Type_Other-CALR Type I",-0.157777777777778,-0.595160430683144,0.279604875127589,0.926814519334489
"hemogram","CENTRE_AtratadosnotratadosMPLCONTN","Mono..10.6.ml.","ok",73,"Genotype","MPL W515-CALR Type I",0.0382222222222224,-0.327718359763126,0.404162804207571,0.999910739638866
"hemogram","CENTRE_AtratadosnotratadosMPLCONTN","Mono..10.6.ml.","ok",73,"Genotype","TN-CALR Type I",-0.0502777777777775,-0.31361700688193,0.213061451326375,0.997169145448039
"hemogram","CENTRE_AtratadosnotratadosMPLCONTN","Mono..10.6.ml.","ok",73,"Genotype","CALR Type_Other-CALR Type II",-0.112,-0.591128690515443,0.367128690515444,0.991486447464654
"hemogram","CENTRE_AtratadosnotratadosMPLCONTN","Mono..10.6.ml.","ok",73,"Genotype","MPL W515-CALR Type II",0.0840000000000001,-0.330937617668346,0.498937617668346,0.996089806171288
"hemogram","CENTRE_AtratadosnotratadosMPLCONTN","Mono..10.6.ml.","ok",73,"Genotype","TN-CALR Type II",-0.00449999999999984,-0.332536989679025,0.323536989679025,0.999999999509078
"hemogram","CENTRE_AtratadosnotratadosMPLCONTN","Mono..10.6.ml.","ok",73,"Genotype","MPL W515-CALR Type_Other",0.196,-0.283128690515444,0.675128690515443,0.874095893721675
"hemogram","CENTRE_AtratadosnotratadosMPLCONTN","Mono..10.6.ml.","ok",73,"Genotype","TN-CALR Type_Other",0.1075,-0.298701110432305,0.513701110432305,0.983690045428753
"hemogram","CENTRE_AtratadosnotratadosMPLCONTN","Mono..10.6.ml.","ok",73,"Genotype","TN-MPL W515",-0.0884999999999999,-0.416536989679025,0.239536989679025,0.981998764486756
"hemogram","CENTRE_AtratadosnotratadosMPLCONTN","Eos..10.6.ml.","ok",73,"Genotype","JAK2 V617F-CNTRL",0.0784453781512607,-0.0896002267123413,0.246490983014863,0.789347136511398
"hemogram","CENTRE_AtratadosnotratadosMPLCONTN","Eos..10.6.ml.","ok",73,"Genotype","CALR Type I-CNTRL",-0.0288095238095236,-0.227745548519652,0.170126500900605,0.999405418683278
"hemogram","CENTRE_AtratadosnotratadosMPLCONTN","Eos..10.6.ml.","ok",73,"Genotype","CALR Type II-CNTRL",-0.0561428571428569,-0.298727090287573,0.186441376001859,0.991927494285819
"hemogram","CENTRE_AtratadosnotratadosMPLCONTN","Eos..10.6.ml.","ok",73,"Genotype","CALR Type_Other-CNTRL",0.301190476190476,0.00495667910644676,0.597424273274506,0.0437898643733737
"hemogram","CENTRE_AtratadosnotratadosMPLCONTN","Eos..10.6.ml.","ok",73,"Genotype","MPL W515-CNTRL",0.0538571428571429,-0.188727090287573,0.296441376001859,0.993540380387191
"hemogram","CENTRE_AtratadosnotratadosMPLCONTN","Eos..10.6.ml.","ok",73,"Genotype","TN-CNTRL",0.075357142857143,-0.0868967901011881,0.237611075815474,0.793246891015547
"hemogram","CENTRE_AtratadosnotratadosMPLCONTN","Eos..10.6.ml.","ok",73,"Genotype","CALR Type I-JAK2 V617F",-0.107254901960784,-0.299199435599694,0.0846896316781249,0.618922500803079
"hemogram","CENTRE_AtratadosnotratadosMPLCONTN","Eos..10.6.ml.","ok",73,"Genotype","CALR Type II-JAK2 V617F",-0.134588235294118,-0.371472747740161,0.102296277151926,0.600259462213299
"hemogram","CENTRE_AtratadosnotratadosMPLCONTN","Eos..10.6.ml.","ok",73,"Genotype","CALR Type_Other-JAK2 V617F",0.222745098039216,-0.0688395802297422,0.514329776308174,0.248791449911122
"hemogram","CENTRE_AtratadosnotratadosMPLCONTN","Eos..10.6.ml.","ok",73,"Genotype","MPL W515-JAK2 V617F",-0.0245882352941177,-0.261472747740161,0.212296277151926,0.999913950408207
"hemogram","CENTRE_AtratadosnotratadosMPLCONTN","Eos..10.6.ml.","ok",73,"Genotype","TN-JAK2 V617F",-0.00308823529411772,-0.156689995788053,0.150513525199817,0.999999995140901
"hemogram","CENTRE_AtratadosnotratadosMPLCONTN","Eos..10.6.ml.","ok",73,"Genotype","CALR Type II-CALR Type I",-0.0273333333333332,-0.287045652737505,0.232378986070839,0.999906682850479
"hemogram","CENTRE_AtratadosnotratadosMPLCONTN","Eos..10.6.ml.","ok",73,"Genotype","CALR Type_Other-CALR Type I",0.33,0.0195844056515418,0.640415594348458,0.0299801326987318
"hemogram","CENTRE_AtratadosnotratadosMPLCONTN","Eos..10.6.ml.","ok",73,"Genotype","MPL W515-CALR Type I",0.0826666666666666,-0.177045652737505,0.342378986070838,0.959100391918555
"hemogram","CENTRE_AtratadosnotratadosMPLCONTN","Eos..10.6.ml.","ok",73,"Genotype","TN-CALR Type I",0.104166666666667,-0.0827282702372825,0.291061603570616,0.621752459048131
"hemogram","CENTRE_AtratadosnotratadosMPLCONTN","Eos..10.6.ml.","ok",73,"Genotype","CALR Type_Other-CALR Type II",0.357333333333333,0.0172900868812859,0.697376579785381,0.0331882481074479
"hemogram","CENTRE_AtratadosnotratadosMPLCONTN","Eos..10.6.ml.","ok",73,"Genotype","MPL W515-CALR Type II",0.11,-0.184486089812806,0.404486089812805,0.914543495028001
"hemogram","CENTRE_AtratadosnotratadosMPLCONTN","Eos..10.6.ml.","ok",73,"Genotype","TN-CALR Type II",0.1315,-0.101311695761344,0.364311695761343,0.606886957037618
"hemogram","CENTRE_AtratadosnotratadosMPLCONTN","Eos..10.6.ml.","ok",73,"Genotype","MPL W515-CALR Type_Other",-0.247333333333333,-0.587376579785381,0.0927099131187139,0.303356318651617
"hemogram","CENTRE_AtratadosnotratadosMPLCONTN","Eos..10.6.ml.","ok",73,"Genotype","TN-CALR Type_Other",-0.225833333333333,-0.514119021579705,0.0624523549130386,0.222546706117508
"hemogram","CENTRE_AtratadosnotratadosMPLCONTN","Eos..10.6.ml.","ok",73,"Genotype","TN-MPL W515",0.0215,-0.211311695761344,0.254311695761344,0.999956700883843
"hemogram","CENTRE_AtratadosnotratadosMPLCONTN","Baso..10.6.ml.","ok",73,"Genotype","JAK2 V617F-CNTRL",-0.0183193277310924,-0.100183542892482,0.063544887430297,0.993259445160945
"hemogram","CENTRE_AtratadosnotratadosMPLCONTN","Baso..10.6.ml.","ok",73,"Genotype","CALR Type I-CNTRL",0.0361904761904762,-0.0607221538270723,0.133103106208025,0.914642067117181
"hemogram","CENTRE_AtratadosnotratadosMPLCONTN","Baso..10.6.ml.","ok",73,"Genotype","CALR Type II-CNTRL",-0.0551428571428571,-0.173318919367386,0.0630332050816723,0.789667380499036
"hemogram","CENTRE_AtratadosnotratadosMPLCONTN","Baso..10.6.ml.","ok",73,"Genotype","CALR Type_Other-CNTRL",-0.0238095238095238,-0.168121226113468,0.12050217849442,0.998750496309997
"hemogram","CENTRE_AtratadosnotratadosMPLCONTN","Baso..10.6.ml.","ok",73,"Genotype","MPL W515-CNTRL",-0.0331428571428571,-0.151318919367386,0.0850332050816722,0.978078631389952
"hemogram","CENTRE_AtratadosnotratadosMPLCONTN","Baso..10.6.ml.","ok",73,"Genotype","TN-CNTRL",0.0093571428571429,-0.0696856318066976,0.0883999175209833,0.999814534260313
"hemogram","CENTRE_AtratadosnotratadosMPLCONTN","Baso..10.6.ml.","ok",73,"Genotype","CALR Type I-JAK2 V617F",0.0545098039215686,-0.0389968879887752,0.148016495831912,0.570704084279427
"hemogram","CENTRE_AtratadosnotratadosMPLCONTN","Baso..10.6.ml.","ok",73,"Genotype","CALR Type II-JAK2 V617F",-0.0368235294117646,-0.152222945606101,0.0785758867825712,0.958608072132784
"hemogram","CENTRE_AtratadosnotratadosMPLCONTN","Baso..10.6.ml.","ok",73,"Genotype","CALR Type_Other-JAK2 V617F",-0.00549019607843135,-0.147537058053485,0.136556665896622,0.999999756475804
"hemogram","CENTRE_AtratadosnotratadosMPLCONTN","Baso..10.6.ml.","ok",73,"Genotype","MPL W515-JAK2 V617F",-0.0148235294117647,-0.130222945606101,0.100575886782571,0.999702042404703
"hemogram","CENTRE_AtratadosnotratadosMPLCONTN","Baso..10.6.ml.","ok",73,"Genotype","TN-JAK2 V617F",0.0276764705882353,-0.0471513571341861,0.102504298310657,0.918179018705485
"hemogram","CENTRE_AtratadosnotratadosMPLCONTN","Baso..10.6.ml.","ok",73,"Genotype","CALR Type II-CALR Type I",-0.0913333333333332,-0.217853424192143,0.0351867575254768,0.312093612661745
"hemogram","CENTRE_AtratadosnotratadosMPLCONTN","Baso..10.6.ml.","ok",73,"Genotype","CALR Type_Other-CALR Type I",-0.06,-0.211220432250037,0.0912204322500366,0.889156432305533
"hemogram","CENTRE_AtratadosnotratadosMPLCONTN","Baso..10.6.ml.","ok",73,"Genotype","MPL W515-CALR Type I",-0.0693333333333333,-0.195853424192143,0.0571867575254767,0.640228774838181
"hemogram","CENTRE_AtratadosnotratadosMPLCONTN","Baso..10.6.ml.","ok",73,"Genotype","TN-CALR Type I",-0.0268333333333333,-0.117880090192567,0.0642134235259001,0.97190286874075
"hemogram","CENTRE_AtratadosnotratadosMPLCONTN","Baso..10.6.ml.","ok",73,"Genotype","CALR Type_Other-CALR Type II",0.0313333333333333,-0.13432035046472,0.196987017131387,0.997312007915239
"hemogram","CENTRE_AtratadosnotratadosMPLCONTN","Baso..10.6.ml.","ok",73,"Genotype","MPL W515-CALR Type II",0.0219999999999999,-0.121460298399589,0.165460298399589,0.999175118741887
"hemogram","CENTRE_AtratadosnotratadosMPLCONTN","Baso..10.6.ml.","ok",73,"Genotype","TN-CALR Type II",0.0645,-0.0489153241875275,0.177915324187527,0.599169442221713
"hemogram","CENTRE_AtratadosnotratadosMPLCONTN","Baso..10.6.ml.","ok",73,"Genotype","MPL W515-CALR Type_Other",-0.00933333333333333,-0.174987017131387,0.15632035046472,0.999997688495545
"hemogram","CENTRE_AtratadosnotratadosMPLCONTN","Baso..10.6.ml.","ok",73,"Genotype","TN-CALR Type_Other",0.0331666666666667,-0.10727307663817,0.173606409971503,0.991010144428999
"hemogram","CENTRE_AtratadosnotratadosMPLCONTN","Baso..10.6.ml.","ok",73,"Genotype","TN-MPL W515",0.0425,-0.0709153241875274,0.155915324187527,0.913334192272635
"hemogram","CENTRE_ATNCONMPL","EPO..mlU.ml.","ok",28,"Genotype","JAK2 V617F-CNTRL",9.1,-11.6155005906096,29.8155005906096,0.744534103363459
"hemogram","CENTRE_ATNCONMPL","EPO..mlU.ml.","ok",28,"Genotype","CALR Type I-CNTRL",11.75,-14.0867686018581,37.5867686018581,0.71700811038781
"hemogram","CENTRE_ATNCONMPL","EPO..mlU.ml.","ok",28,"Genotype","CALR Type II-CNTRL",18.55,-19.2711565449616,56.3711565449616,0.650991849785732
"hemogram","CENTRE_ATNCONMPL","EPO..mlU.ml.","ok",28,"Genotype","MPL W515-CNTRL",-0.0499999999999936,-37.8711565449616,37.7711565449616,1
"hemogram","CENTRE_ATNCONMPL","EPO..mlU.ml.","ok",28,"Genotype","TN-CNTRL",7.63181818181819,-12.1196366488231,27.3832730124594,0.830416158769232
"hemogram","CENTRE_ATNCONMPL","EPO..mlU.ml.","ok",28,"Genotype","CALR Type I-JAK2 V617F",2.65,-20.2518476011459,25.5518476011459,0.999083292391754
"hemogram","CENTRE_ATNCONMPL","EPO..mlU.ml.","ok",28,"Genotype","CALR Type II-JAK2 V617F",9.45000000000001,-26.4302995271589,45.3302995271589,0.960546005035897
"hemogram","CENTRE_ATNCONMPL","EPO..mlU.ml.","ok",28,"Genotype","MPL W515-JAK2 V617F",-9.15,-45.0302995271589,26.7302995271589,0.965531735120801
"hemogram","CENTRE_ATNCONMPL","EPO..mlU.ml.","ok",28,"Genotype","TN-JAK2 V617F",-1.46818181818182,-17.1868325136777,14.250468877314,0.999676123499276
"hemogram","CENTRE_ATNCONMPL","EPO..mlU.ml.","ok",28,"Genotype","CALR Type II-CALR Type I",6.8,-32.2615225154506,45.8615225154506,0.993661724172786
"hemogram","CENTRE_ATNCONMPL","EPO..mlU.ml.","ok",28,"Genotype","MPL W515-CALR Type I",-11.8,-50.8615225154506,27.2615225154506,0.9312361445072
"hemogram","CENTRE_ATNCONMPL","EPO..mlU.ml.","ok",28,"Genotype","TN-CALR Type I",-4.11818181818182,-26.151852115103,17.9154884787394,0.991218986487818
"hemogram","CENTRE_ATNCONMPL","EPO..mlU.ml.","ok",28,"Genotype","MPL W515-CALR Type II",-18.6,-66.4403993695452,29.2403993695452,0.826845847102157
"hemogram","CENTRE_ATNCONMPL","EPO..mlU.ml.","ok",28,"Genotype","TN-CALR Type II",-10.9181818181818,-46.2506583428461,24.4142947064825,0.924866479290619
"hemogram","CENTRE_ATNCONMPL","EPO..mlU.ml.","ok",28,"Genotype","TN-MPL W515",7.68181818181818,-27.6506583428461,43.0142947064825,0.982687022866091
"hemogram","CENTRE_ATNCONMPL","TPO..pg.ml.","ok",28,"Genotype","JAK2 V617F-CNTRL",-18.24,-210.028063568272,173.548063568272,0.999910171072657
"hemogram","CENTRE_ATNCONMPL","TPO..pg.ml.","ok",28,"Genotype","CALR Type I-CNTRL",0.859999999999957,-230.445107681741,232.165107681741,1
"hemogram","CENTRE_ATNCONMPL","TPO..pg.ml.","ok",28,"Genotype","CALR Type II-CNTRL",-38.14,-385.097661522612,308.817661522612,0.999791315951068
"hemogram","CENTRE_ATNCONMPL","TPO..pg.ml.","ok",28,"Genotype","CALR Type_Other-CNTRL",-53.34,-400.297661522612,293.617661522612,0.998584379087062
"hemogram","CENTRE_ATNCONMPL","TPO..pg.ml.","ok",28,"Genotype","MPL W515-CNTRL",-23.9400000000001,-288.933291145373,241.053291145373,0.999933497717703
"hemogram","CENTRE_ATNCONMPL","TPO..pg.ml.","ok",28,"Genotype","TN-CNTRL",-15.3600000000001,-188.838830761306,158.118830761306,0.999940901619604
"hemogram","CENTRE_ATNCONMPL","TPO..pg.ml.","ok",28,"Genotype","CALR Type I-JAK2 V617F",19.0999999999999,-204.860207486024,243.060207486024,0.999952575323992
"hemogram","CENTRE_ATNCONMPL","TPO..pg.ml.","ok",28,"Genotype","CALR Type II-JAK2 V617F",-19.9,-362.004867820908,322.204867820907,0.99999506122143
"hemogram","CENTRE_ATNCONMPL","TPO..pg.ml.","ok",28,"Genotype","CALR Type_Other-JAK2 V617F",-35.1,-377.204867820908,307.004867820907,0.999860185875043
"hemogram","CENTRE_ATNCONMPL","TPO..pg.ml.","ok",28,"Genotype","MPL W515-JAK2 V617F",-5.70000000000007,-264.306972159641,252.906972159641,0.999999985009292
"hemogram","CENTRE_ATNCONMPL","TPO..pg.ml.","ok",28,"Genotype","TN-JAK2 V617F",2.87999999999991,-160.677410164844,166.437410164844,0.999999996096867
"hemogram","CENTRE_ATNCONMPL","TPO..pg.ml.","ok",28,"Genotype","CALR Type II-CALR Type I",-39,-404.725487352406,326.725487352406,0.999825026621316
"hemogram","CENTRE_ATNCONMPL","TPO..pg.ml.","ok",28,"Genotype","CALR Type_Other-CALR Type I",-54.2,-419.925487352406,311.525487352406,0.998847961544973
"hemogram","CENTRE_ATNCONMPL","TPO..pg.ml.","ok",28,"Genotype","MPL W515-CALR Type I",-24.8,-313.931384602177,264.331384602177,0.999950948412585
"hemogram","CENTRE_ATNCONMPL","TPO..pg.ml.","ok",28,"Genotype","TN-CALR Type I",-16.22,-224.71560650581,192.275606505809,0.999972385629905
"hemogram","CENTRE_ATNCONMPL","TPO..pg.ml.","ok",28,"Genotype","CALR Type_Other-CALR Type II",-15.2,-463.120414972049,432.720414972049,0.999999801505277
"hemogram","CENTRE_ATNCONMPL","TPO..pg.ml.","ok",28,"Genotype","MPL W515-CALR Type II",14.2,-373.710458239462,402.110458239462,0.99999968773721
"hemogram","CENTRE_ATNCONMPL","TPO..pg.ml.","ok",28,"Genotype","TN-CALR Type II",22.7799999999999,-309.406670385497,354.966670385497,0.999986892643239
"hemogram","CENTRE_ATNCONMPL","TPO..pg.ml.","ok",28,"Genotype","MPL W515-CALR Type_Other",29.3999999999999,-358.510458239462,417.310458239462,0.999976326450745
"hemogram","CENTRE_ATNCONMPL","TPO..pg.ml.","ok",28,"Genotype","TN-CALR Type_Other",37.9799999999999,-294.206670385497,370.166670385497,0.999738044527177
"hemogram","CENTRE_ATNCONMPL","TPO..pg.ml.","ok",28,"Genotype","TN-MPL W515",8.57999999999998,-236.756115247266,253.916115247266,0.99999976232875
"hemogram","CENTRE_ATNCONMPL","HGB.gr.dl.","ok",72,"Genotype","JAK2 V617F-CNTRL",0.277142857142859,-1.20561985803645,1.75990557232217,0.997474773267078
"hemogram","CENTRE_ATNCONMPL","HGB.gr.dl.","ok",72,"Genotype","CALR Type I-CNTRL",-0.576190476190474,-2.28094146415985,1.1285605117789,0.945524553908408
"hemogram","CENTRE_ATNCONMPL","HGB.gr.dl.","ok",72,"Genotype","CALR Type II-CNTRL",-0.409523809523808,-2.35648663859973,1.53743901955212,0.995162063606523
"hemogram","CENTRE_ATNCONMPL","HGB.gr.dl.","ok",72,"Genotype","CALR Type_Other-CNTRL",0.857142857142856,-1.68138609448753,3.39567180877324,0.945777529832734
"hemogram","CENTRE_ATNCONMPL","HGB.gr.dl.","ok",72,"Genotype","MPL W515-CNTRL",0.977142857142859,-1.10164459084113,3.05593030512685,0.783554144870902
"hemogram","CENTRE_ATNCONMPL","HGB.gr.dl.","ok",72,"Genotype","TN-CNTRL",0.0521428571428579,-1.33826671254504,1.44255242683076,0.999999795837267
"hemogram","CENTRE_ATNCONMPL","HGB.gr.dl.","ok",72,"Genotype","CALR Type I-JAK2 V617F",-0.853333333333333,-2.53570149929062,0.829034832623952,0.71790063845251
"hemogram","CENTRE_ATNCONMPL","HGB.gr.dl.","ok",72,"Genotype","CALR Type II-JAK2 V617F",-0.686666666666667,-2.61406153348749,1.24072820015416,0.930626851244333
"hemogram","CENTRE_ATNCONMPL","HGB.gr.dl.","ok",72,"Genotype","CALR Type_Other-JAK2 V617F",0.579999999999997,-1.94355224893593,3.10355224893593,0.992194304049273
"hemogram","CENTRE_ATNCONMPL","HGB.gr.dl.","ok",72,"Genotype","MPL W515-JAK2 V617F",0.699999999999999,-1.36047178304866,2.76047178304866,0.944210447961182
"hemogram","CENTRE_ATNCONMPL","HGB.gr.dl.","ok",72,"Genotype","TN-JAK2 V617F",-0.225000000000001,-1.58787398035315,1.13787398035315,0.998741177080659
"hemogram","CENTRE_ATNCONMPL","HGB.gr.dl.","ok",72,"Genotype","CALR Type II-CALR Type I",0.166666666666666,-1.93629354077994,2.26962687411327,0.999982378005705
"hemogram","CENTRE_ATNCONMPL","HGB.gr.dl.","ok",72,"Genotype","CALR Type_Other-CALR Type I",1.43333333333333,-1.22672430035926,4.09339096702592,0.657700518605385
"hemogram","CENTRE_ATNCONMPL","HGB.gr.dl.","ok",72,"Genotype","MPL W515-CALR Type I",1.55333333333333,-0.672230557054077,3.77889722372074,0.351586741214202
"hemogram","CENTRE_ATNCONMPL","HGB.gr.dl.","ok",72,"Genotype","TN-CALR Type I",0.628333333333332,-0.973233445724053,2.22990011239072,0.894070476254214
"hemogram","CENTRE_ATNCONMPL","HGB.gr.dl.","ok",72,"Genotype","CALR Type_Other-CALR Type II",1.26666666666666,-1.55475052002994,4.08808385336327,0.817537817762378
"hemogram","CENTRE_ATNCONMPL","HGB.gr.dl.","ok",72,"Genotype","MPL W515-CALR Type II",1.38666666666667,-1.02945066430406,3.8027839976374,0.588257997911338
"hemogram","CENTRE_ATNCONMPL","HGB.gr.dl.","ok",72,"Genotype","TN-CALR Type II",0.461666666666666,-1.3956174996905,2.31895083302383,0.988181666589409
"hemogram","CENTRE_ATNCONMPL","HGB.gr.dl.","ok",72,"Genotype","MPL W515-CALR Type_Other",0.120000000000003,-2.79394714047449,3.03394714047449,0.999999642689905
"hemogram","CENTRE_ATNCONMPL","HGB.gr.dl.","ok",72,"Genotype","TN-CALR Type_Other",-0.804999999999998,-3.27541888251028,1.66541888251028,0.954125506778413
"hemogram","CENTRE_ATNCONMPL","HGB.gr.dl.","ok",72,"Genotype","TN-MPL W515",-0.925000000000001,-2.92004322526944,1.07004322526944,0.794146984686415
"hemogram","CENTRE_ATNCONMPL","HCT....","ok",72,"Genotype","JAK2 V617F-CNTRL",-0.331674208144783,-5.07258818242468,4.40923976613512,0.999991587169035
"hemogram","CENTRE_ATNCONMPL","HCT....","ok",72,"Genotype","CALR Type I-CNTRL",-3.3957264957265,-8.97549259546693,2.18403960401393,0.519090618305142
"hemogram","CENTRE_ATNCONMPL","HCT....","ok",72,"Genotype","CALR Type II-CNTRL",-0.0179487179487126,-6.36872893931686,6.33283150341943,1
"hemogram","CENTRE_ATNCONMPL","HCT....","ok",72,"Genotype","CALR Type_Other-CNTRL",0.315384615384616,-7.92647612701122,8.55724535778045,0.999999769647932
"hemogram","CENTRE_ATNCONMPL","HCT....","ok",72,"Genotype","MPL W515-CNTRL",-1.58461538461538,-8.35599495125509,5.18676418202433,0.991406413879998
"hemogram","CENTRE_ATNCONMPL","HCT....","ok",72,"Genotype","TN-CNTRL",-0.595141700404852,-5.22666759982091,4.03638419901121,0.999700267952597
"hemogram","CENTRE_ATNCONMPL","HCT....","ok",72,"Genotype","CALR Type I-JAK2 V617F",-3.06405228758172,-8.36848009394716,2.24037551878373,0.580828998100538
"hemogram","CENTRE_ATNCONMPL","HCT....","ok",72,"Genotype","CALR Type II-JAK2 V617F",0.31372549019607,-5.79655879494576,6.4240097753379,0.999998666083301
"hemogram","CENTRE_ATNCONMPL","HCT....","ok",72,"Genotype","CALR Type_Other-JAK2 V617F",0.647058823529399,-7.41094546550991,8.70506311256871,0.999980955146145
"hemogram","CENTRE_ATNCONMPL","HCT....","ok",72,"Genotype","MPL W515-JAK2 V617F",-1.2529411764706,-7.79929480735827,5.29341245441707,0.997119595377266
"hemogram","CENTRE_ATNCONMPL","HCT....","ok",72,"Genotype","TN-JAK2 V617F",-0.263467492260069,-4.55930231009142,4.03236732557128,0.999996153131685
"hemogram","CENTRE_ATNCONMPL","HCT....","ok",72,"Genotype","CALR Type II-CALR Type I",3.37777777777779,-3.40404339809682,10.1595989536524,0.734675834365187
"hemogram","CENTRE_ATNCONMPL","HCT....","ok",72,"Genotype","CALR Type_Other-CALR Type I",3.71111111111112,-4.86728952877894,12.2895117510012,0.841912355762541
"hemogram","CENTRE_ATNCONMPL","HCT....","ok",72,"Genotype","MPL W515-CALR Type I",1.81111111111112,-5.36609379587923,8.98831601810146,0.987213650245966
"hemogram","CENTRE_ATNCONMPL","HCT....","ok",72,"Genotype","TN-CALR Type I",2.80058479532165,-2.40630690687288,8.00747649751618,0.659598711290994
"hemogram","CENTRE_ATNCONMPL","HCT....","ok",72,"Genotype","CALR Type_Other-CALR Type II",0.333333333333329,-8.76543456296858,9.43210122963524,0.99999982249027
"hemogram","CENTRE_ATNCONMPL","HCT....","ok",72,"Genotype","MPL W515-CALR Type II",-1.56666666666667,-9.35838598715265,6.22505265381931,0.996219354433207
"hemogram","CENTRE_ATNCONMPL","HCT....","ok",72,"Genotype","TN-CALR Type II",-0.57719298245614,-6.6029992264944,5.44861326158212,0.999946089970886
"hemogram","CENTRE_ATNCONMPL","HCT....","ok",72,"Genotype","MPL W515-CALR Type_Other",-1.9,-11.2971670755691,7.49716707556907,0.996102237950226
"hemogram","CENTRE_ATNCONMPL","HCT....","ok",72,"Genotype","TN-CALR Type_Other",-0.910526315789468,-8.90466166413173,7.08360903255279,0.999851289173777
"hemogram","CENTRE_ATNCONMPL","HCT....","ok",72,"Genotype","TN-MPL W515",0.98947368421053,-5.47810025862734,7.45704762704841,0.999183025022781
"hemogram","CENTRE_ATNCONMPL","MCH..pg.","ok",72,"Genotype","JAK2 V617F-CNTRL",0.804201680672275,-1.81658109437884,3.42498445572339,0.965635606596437
"hemogram","CENTRE_ATNCONMPL","MCH..pg.","ok",72,"Genotype","CALR Type I-CNTRL",1.00158730158731,-2.10095207943742,4.10412668261204,0.956116172879872
"hemogram","CENTRE_ATNCONMPL","MCH..pg.","ok",72,"Genotype","CALR Type II-CNTRL",1.65714285714286,-1.88620681282542,5.20049252711114,0.787513160661264
"hemogram","CENTRE_ATNCONMPL","MCH..pg.","ok",72,"Genotype","CALR Type_Other-CNTRL",2.75714285714286,-1.86281988104339,7.37710559532911,0.542554204865273
"hemogram","CENTRE_ATNCONMPL","MCH..pg.","ok",72,"Genotype","MPL W515-CNTRL",3.03714285714286,-0.746119312913207,6.82040502719893,0.198107679651123
"hemogram","CENTRE_ATNCONMPL","MCH..pg.","ok",72,"Genotype","TN-CNTRL",1.34603174603175,-1.24166497846174,3.93372847052523,0.693635955301373
"hemogram","CENTRE_ATNCONMPL","MCH..pg.","ok",72,"Genotype","CALR Type I-JAK2 V617F",0.197385620915032,-2.7961168151313,3.19088805696137,0.999994081706013
"hemogram","CENTRE_ATNCONMPL","MCH..pg.","ok",72,"Genotype","CALR Type II-JAK2 V617F",0.852941176470587,-2.59533855514492,4.3012209080861,0.988482170987875
"hemogram","CENTRE_ATNCONMPL","MCH..pg.","ok",72,"Genotype","CALR Type_Other-JAK2 V617F",1.95294117647058,-2.59451546719688,6.50039782013805,0.846411037442301
"hemogram","CENTRE_ATNCONMPL","MCH..pg.","ok",72,"Genotype","MPL W515-JAK2 V617F",2.23294117647059,-1.46143006518656,5.92731241812773,0.527357106714227
"hemogram","CENTRE_ATNCONMPL","MCH..pg.","ok",72,"Genotype","TN-JAK2 V617F",0.541830065359473,-1.91407721337894,2.99773734409789,0.993733465079299
"hemogram","CENTRE_ATNCONMPL","MCH..pg.","ok",72,"Genotype","CALR Type II-CALR Type I",0.655555555555555,-3.1716995135867,4.48281062469781,0.998450472777007
"hemogram","CENTRE_ATNCONMPL","MCH..pg.","ok",72,"Genotype","CALR Type_Other-CALR Type I",1.75555555555555,-3.08558172641034,6.59669283752144,0.924871546266586
"hemogram","CENTRE_ATNCONMPL","MCH..pg.","ok",72,"Genotype","MPL W515-CALR Type I",2.03555555555555,-2.01483049122913,6.08594160234024,0.726485906865215
"hemogram","CENTRE_ATNCONMPL","MCH..pg.","ok",72,"Genotype","TN-CALR Type I",0.344444444444441,-2.62013458445073,3.30902347333961,0.999833012120563
"hemogram","CENTRE_ATNCONMPL","MCH..pg.","ok",72,"Genotype","CALR Type_Other-CALR Type II",1.1,-4.03480150109964,6.23480150109964,0.994655954225858
"hemogram","CENTRE_ATNCONMPL","MCH..pg.","ok",72,"Genotype","MPL W515-CALR Type II",1.38,-3.01718130179358,5.77718130179358,0.961674321333423
"hemogram","CENTRE_ATNCONMPL","MCH..pg.","ok",72,"Genotype","TN-CALR Type II",-0.311111111111114,-3.73431211184421,3.11208988962198,0.999960436250948
"hemogram","CENTRE_ATNCONMPL","MCH..pg.","ok",72,"Genotype","MPL W515-CALR Type_Other",0.280000000000001,-5.02320018662393,5.58320018662393,0.999998424233595
"hemogram","CENTRE_ATNCONMPL","MCH..pg.","ok",72,"Genotype","TN-CALR Type_Other",-1.41111111111111,-5.93958037897471,3.11735815675249,0.962971856301774
"hemogram","CENTRE_ATNCONMPL","MCH..pg.","ok",72,"Genotype","TN-MPL W515",-1.69111111111111,-5.36208521278127,1.97986299055905,0.798991083136114
"hemogram","CENTRE_ATNCONMPL","MCHC..gr.dl.","ok",72,"Genotype","JAK2 V617F-CNTRL",0.231221719457011,-1.0621213901424,1.52456482905643,0.998029626189005
"hemogram","CENTRE_ATNCONMPL","MCHC..gr.dl.","ok",72,"Genotype","CALR Type I-CNTRL",-0.0145299145299163,-1.53671573722707,1.50765590816724,0.999999999944024
"hemogram","CENTRE_ATNCONMPL","MCHC..gr.dl.","ok",72,"Genotype","CALR Type II-CNTRL",0.0410256410256409,-1.6914963757094,1.77354765776068,0.999999986989054
"hemogram","CENTRE_ATNCONMPL","MCHC..gr.dl.","ok",72,"Genotype","CALR Type_Other-CNTRL",0.341025641025638,-1.9073918285351,2.58944311058638,0.999222319124718
"hemogram","CENTRE_ATNCONMPL","MCHC..gr.dl.","ok",72,"Genotype","MPL W515-CNTRL",0.657692307692308,-1.34942174685187,2.66480636223649,0.952896016231668
"hemogram","CENTRE_ATNCONMPL","MCHC..gr.dl.","ok",72,"Genotype","TN-CNTRL",0.597692307692306,-0.652910960016381,1.84829557540099,0.770226720049982
"hemogram","CENTRE_ATNCONMPL","MCHC..gr.dl.","ok",72,"Genotype","CALR Type I-JAK2 V617F",-0.245751633986927,-1.69282390548334,1.20132063750948,0.998523363612374
"hemogram","CENTRE_ATNCONMPL","MCHC..gr.dl.","ok",72,"Genotype","CALR Type II-JAK2 V617F",-0.19019607843137,-1.85710969904439,1.47671754218165,0.999849748387685
"hemogram","CENTRE_ATNCONMPL","MCHC..gr.dl.","ok",72,"Genotype","CALR Type_Other-JAK2 V617F",0.109803921568627,-2.08845666297077,2.30806450610802,0.999998868047983
"hemogram","CENTRE_ATNCONMPL","MCHC..gr.dl.","ok",72,"Genotype","MPL W515-JAK2 V617F",0.426470588235297,-1.52429216209144,2.37723333856204,0.994034972548165
"hemogram","CENTRE_ATNCONMPL","MCHC..gr.dl.","ok",72,"Genotype","TN-JAK2 V617F",0.366470588235295,-0.791535030627242,1.52447620709783,0.960102715722585
"hemogram","CENTRE_ATNCONMPL","MCHC..gr.dl.","ok",72,"Genotype","CALR Type II-CALR Type I",0.0555555555555571,-1.79455641355797,1.90566752466909,0.999999946016107
"hemogram","CENTRE_ATNCONMPL","MCHC..gr.dl.","ok",72,"Genotype","CALR Type_Other-CALR Type I",0.355555555555554,-1.98467154393958,2.69578265505069,0.99921472703405
"hemogram","CENTRE_ATNCONMPL","MCHC..gr.dl.","ok",72,"Genotype","MPL W515-CALR Type I",0.672222222222224,-1.4372299786428,2.78167442308724,0.958751005525996
"hemogram","CENTRE_ATNCONMPL","MCHC..gr.dl.","ok",72,"Genotype","TN-CALR Type I",0.612222222222222,-0.796781075498951,2.02122551994339,0.839174254992554
"hemogram","CENTRE_ATNCONMPL","MCHC..gr.dl.","ok",72,"Genotype","CALR Type_Other-CALR Type II",0.299999999999997,-2.18218567735431,2.7821856773543,0.999789922179976
"hemogram","CENTRE_ATNCONMPL","MCHC..gr.dl.","ok",72,"Genotype","MPL W515-CALR Type II",0.616666666666667,-1.64924847900532,2.88258181233866,0.981118263065234
"hemogram","CENTRE_ATNCONMPL","MCHC..gr.dl.","ok",72,"Genotype","TN-CALR Type II",0.556666666666665,-1.0773079820475,2.19064131538083,0.943479329449414
"hemogram","CENTRE_ATNCONMPL","MCHC..gr.dl.","ok",72,"Genotype","MPL W515-CALR Type_Other",0.31666666666667,-2.36440029003918,2.99773362337252,0.999816237097702
"hemogram","CENTRE_ATNCONMPL","MCHC..gr.dl.","ok",72,"Genotype","TN-CALR Type_Other",0.256666666666668,-1.91672279028642,2.43005612361976,0.999816391648884
"hemogram","CENTRE_ATNCONMPL","MCHC..gr.dl.","ok",72,"Genotype","TN-MPL W515",-0.0600000000000023,-1.98269275811756,1.86269275811756,0.999999932027695
"hemogram","CENTRE_ATNCONMPL","Lymph.","ok",73,"Genotype","JAK2 V617F-CNTRL",-0.0907563025210116,-4.72853451664615,4.54702191160412,0.999999995868279
"hemogram","CENTRE_ATNCONMPL","Lymph.","ok",73,"Genotype","CALR Type I-CNTRL",-1.63650793650794,-7.12681018008139,3.85379430706552,0.970286888851751
"hemogram","CENTRE_ATNCONMPL","Lymph.","ok",73,"Genotype","CALR Type II-CNTRL",-2.43428571428571,-9.12920565867813,4.26063423010671,0.924168026525539
"hemogram","CENTRE_ATNCONMPL","Lymph.","ok",73,"Genotype","CALR Type_Other-CNTRL",0.585714285714289,-7.58984407845125,8.76127264987983,0.99999035292853
"hemogram","CENTRE_ATNCONMPL","Lymph.","ok",73,"Genotype","MPL W515-CNTRL",-4.27428571428571,-10.9692056586781,2.42063423010671,0.461065379847891
"hemogram","CENTRE_ATNCONMPL","Lymph.","ok",73,"Genotype","TN-CNTRL",-0.804285714285715,-5.28222345053922,3.67365202196779,0.997985318624102
"hemogram","CENTRE_ATNCONMPL","Lymph.","ok",73,"Genotype","CALR Type I-JAK2 V617F",-1.54575163398692,-6.84310039329241,3.75159712531857,0.973259587681521
"hemogram","CENTRE_ATNCONMPL","Lymph.","ok",73,"Genotype","CALR Type II-JAK2 V617F",-2.3435294117647,-8.88114657811447,4.19408775458507,0.928858784222518
"hemogram","CENTRE_ATNCONMPL","Lymph.","ok",73,"Genotype","CALR Type_Other-JAK2 V617F",0.676470588235301,-7.37077985634543,8.72372103281603,0.999975135754117
"hemogram","CENTRE_ATNCONMPL","Lymph.","ok",73,"Genotype","MPL W515-JAK2 V617F",-4.1835294117647,-10.7211465781145,2.35408775458507,0.458215417494838
"hemogram","CENTRE_ATNCONMPL","Lymph.","ok",73,"Genotype","TN-JAK2 V617F",-0.713529411764704,-4.95268162909435,3.52562280556494,0.998601100205476
"hemogram","CENTRE_ATNCONMPL","Lymph.","ok",73,"Genotype","CALR Type II-CALR Type I",-0.797777777777775,-7.96540431493254,6.36984875937699,0.999870537780781
"hemogram","CENTRE_ATNCONMPL","Lymph.","ok",73,"Genotype","CALR Type_Other-CALR Type I",2.22222222222222,-6.34473007600955,10.789174520454,0.985293226953629
"hemogram","CENTRE_ATNCONMPL","Lymph.","ok",73,"Genotype","MPL W515-CALR Type I",-2.63777777777778,-9.80540431493254,4.52984875937698,0.919982936353878
"hemogram","CENTRE_ATNCONMPL","Lymph.","ok",73,"Genotype","TN-CALR Type I",0.832222222222221,-4.32576609533578,5.99021053978022,0.99889880158942
"hemogram","CENTRE_ATNCONMPL","Lymph.","ok",73,"Genotype","CALR Type_Other-CALR Type II",3.02,-6.36462604562454,12.4046260456245,0.956902003027992
"hemogram","CENTRE_ATNCONMPL","Lymph.","ok",73,"Genotype","MPL W515-CALR Type II",-1.84,-9.96732456052796,6.28732456052795,0.992824596134458
"hemogram","CENTRE_ATNCONMPL","Lymph.","ok",73,"Genotype","TN-CALR Type II",1.63,-4.79521422367384,8.05521422367383,0.986898012322284
"hemogram","CENTRE_ATNCONMPL","Lymph.","ok",73,"Genotype","MPL W515-CALR Type_Other",-4.86,-14.2446260456245,4.52462604562454,0.698453584759391
"hemogram","CENTRE_ATNCONMPL","Lymph.","ok",73,"Genotype","TN-CALR Type_Other",-1.39,-9.34620382620721,6.5662038262072,0.998274845700608
"hemogram","CENTRE_ATNCONMPL","Lymph.","ok",73,"Genotype","TN-MPL W515",3.47,-2.95521422367384,9.89521422367383,0.655796810260427
"hemogram","CENTRE_ATNCONMPL","Mono.","ok",73,"Genotype","JAK2 V617F-CNTRL",1.41218487394958,-1.33974550092916,4.16411524882832,0.707303652924795
"hemogram","CENTRE_ATNCONMPL","Mono.","ok",73,"Genotype","CALR Type I-CNTRL",2.38015873015873,-0.877636018485766,5.63795347880322,0.298240770255054
"hemogram","CENTRE_ATNCONMPL","Mono.","ok",73,"Genotype","CALR Type II-CNTRL",1.99571428571428,-1.97686756312052,5.96829613454909,0.727277283705688
"hemogram","CENTRE_ATNCONMPL","Mono.","ok",73,"Genotype","CALR Type_Other-CNTRL",0.202380952380952,-4.64877111983715,5.05353302459905,0.999999615532274
"hemogram","CENTRE_ATNCONMPL","Mono.","ok",73,"Genotype","MPL W515-CNTRL",2.49571428571429,-1.47686756312052,6.46829613454909,0.480862030355949
"hemogram","CENTRE_ATNCONMPL","Mono.","ok",73,"Genotype","TN-CNTRL",1.78571428571428,-0.871371134127501,4.44279970555607,0.397883518873495
"hemogram","CENTRE_ATNCONMPL","Mono.","ok",73,"Genotype","CALR Type I-JAK2 V617F",0.967973856209148,-2.17532758771489,4.11127530013319,0.965140387140198
"hemogram","CENTRE_ATNCONMPL","Mono.","ok",73,"Genotype","CALR Type II-JAK2 V617F",0.583529411764704,-3.29571328350084,4.46277210703025,0.999261081318149
"hemogram","CENTRE_ATNCONMPL","Mono.","ok",73,"Genotype","CALR Type_Other-JAK2 V617F",-1.20980392156863,-5.98482159387784,3.56521375074059,0.986985764599281
"hemogram","CENTRE_ATNCONMPL","Mono.","ok",73,"Genotype","MPL W515-JAK2 V617F",1.08352941176471,-2.79571328350084,4.96277210703025,0.97852445827984
"hemogram","CENTRE_ATNCONMPL","Mono.","ok",73,"Genotype","TN-JAK2 V617F",0.373529411764705,-2.14186723119543,2.88892605472484,0.999313560398444
"hemogram","CENTRE_ATNCONMPL","Mono.","ok",73,"Genotype","CALR Type II-CALR Type I",-0.384444444444444,-4.63751741876389,3.86862852987501,0.999961835318031
"hemogram","CENTRE_ATNCONMPL","Mono.","ok",73,"Genotype","CALR Type_Other-CALR Type I",-2.17777777777778,-7.2611722742713,2.90561671871575,0.848218451109907
"hemogram","CENTRE_ATNCONMPL","Mono.","ok",73,"Genotype","MPL W515-CALR Type I",0.115555555555558,-4.13751741876389,4.36862852987501,0.999999970470286
"hemogram","CENTRE_ATNCONMPL","Mono.","ok",73,"Genotype","TN-CALR Type I",-0.594444444444443,-3.6550532249864,2.46616433609751,0.996887501578282
"hemogram","CENTRE_ATNCONMPL","Mono.","ok",73,"Genotype","CALR Type_Other-CALR Type II",-1.79333333333333,-7.36191300218757,3.77524633552091,0.956747060717223
"hemogram","CENTRE_ATNCONMPL","Mono.","ok",73,"Genotype","MPL W515-CALR Type II",0.500000000000002,-4.32253145622531,5.32253145622531,0.999914524268646
"hemogram","CENTRE_ATNCONMPL","Mono.","ok",73,"Genotype","TN-CALR Type II",-0.209999999999999,-4.02254587237015,3.60254587237015,0.999997980235641
"hemogram","CENTRE_ATNCONMPL","Mono.","ok",73,"Genotype","MPL W515-CALR Type_Other",2.29333333333333,-3.27524633552091,7.86191300218758,0.870567381070025
"hemogram","CENTRE_ATNCONMPL","Mono.","ok",73,"Genotype","TN-CALR Type_Other",1.58333333333333,-3.13765977310316,6.30432643976982,0.947606849184677
"hemogram","CENTRE_ATNCONMPL","Mono.","ok",73,"Genotype","TN-MPL W515",-0.710000000000001,-4.52254587237015,3.10254587237015,0.997534807874267
"hemogram","CENTRE_ATNCONMPL","Eos.","ok",73,"Genotype","JAK2 V617F-CNTRL",0.864285714285715,-1.27319184773522,3.00176327630665,0.880013861148174
"hemogram","CENTRE_ATNCONMPL","Eos.","ok",73,"Genotype","CALR Type I-CNTRL",-0.557936507936506,-3.08832871569868,1.97245569982567,0.993775284862846
"hemogram","CENTRE_ATNCONMPL","Eos.","ok",73,"Genotype","CALR Type II-CNTRL",-0.955714285714284,-4.04129546272723,2.12986689129866,0.964145640839869
"hemogram","CENTRE_ATNCONMPL","Eos.","ok",73,"Genotype","CALR Type_Other-CNTRL",3.36428571428571,-0.403697952370254,7.13226938094168,0.110522792314306
"hemogram","CENTRE_ATNCONMPL","Eos.","ok",73,"Genotype","MPL W515-CNTRL",0.444285714285714,-2.64129546272723,3.52986689129866,0.999424704624326
"hemogram","CENTRE_ATNCONMPL","Eos.","ok",73,"Genotype","TN-CNTRL",0.574285714285715,-1.48952393625278,2.63809536482421,0.978929614247806
"hemogram","CENTRE_ATNCONMPL","Eos.","ok",73,"Genotype","CALR Type I-JAK2 V617F",-1.42222222222222,-3.86368526517863,1.01924082073419,0.571548485562726
"hemogram","CENTRE_ATNCONMPL","Eos.","ok",73,"Genotype","CALR Type II-JAK2 V617F",-1.82,-4.83308285066226,1.19308285066226,0.528610067986644
"hemogram","CENTRE_ATNCONMPL","Eos.","ok",73,"Genotype","CALR Type_Other-JAK2 V617F",2.5,-1.20884860532276,6.20884860532276,0.394232365326966
"hemogram","CENTRE_ATNCONMPL","Eos.","ok",73,"Genotype","MPL W515-JAK2 V617F",-0.420000000000001,-3.43308285066226,2.59308285066226,0.99952250123015
"hemogram","CENTRE_ATNCONMPL","Eos.","ok",73,"Genotype","TN-JAK2 V617F",-0.29,-2.24375723637157,1.66375723637157,0.999315284269588
"hemogram","CENTRE_ATNCONMPL","Eos.","ok",73,"Genotype","CALR Type II-CALR Type I",-0.397777777777778,-3.70122183843866,2.9056662828831,0.999795228955064
"hemogram","CENTRE_ATNCONMPL","Eos.","ok",73,"Genotype","CALR Type_Other-CALR Type I",3.92222222222222,-0.0261486284154433,7.87059307285988,0.0526618085510154
"hemogram","CENTRE_ATNCONMPL","Eos.","ok",73,"Genotype","MPL W515-CALR Type I",1.00222222222222,-2.30122183843866,4.3056662828831,0.967590022679352
"hemogram","CENTRE_ATNCONMPL","Eos.","ok",73,"Genotype","TN-CALR Type I",1.13222222222222,-1.24501182928278,3.50945627372722,0.773456055333901
"hemogram","CENTRE_ATNCONMPL","Eos.","ok",73,"Genotype","CALR Type_Other-CALR Type II",4.32,-0.00522356058022044,8.64522356058022,0.0504765101679463
"hemogram","CENTRE_ATNCONMPL","Eos.","ok",73,"Genotype","MPL W515-CALR Type II",1.4,-2.34575348050945,5.14575348050945,0.914317462646867
"hemogram","CENTRE_ATNCONMPL","Eos.","ok",73,"Genotype","TN-CALR Type II",1.53,-1.43127813797825,4.49127813797825,0.7007163580606
"hemogram","CENTRE_ATNCONMPL","Eos.","ok",73,"Genotype","MPL W515-CALR Type_Other",-2.92,-7.24522356058022,1.40522356058022,0.392334607133339
"hemogram","CENTRE_ATNCONMPL","Eos.","ok",73,"Genotype","TN-CALR Type_Other",-2.79,-6.45688667983038,0.876886679830381,0.25308246335672
"hemogram","CENTRE_ATNCONMPL","Eos.","ok",73,"Genotype","TN-MPL W515",0.13,-2.83127813797825,3.09127813797825,0.999999478600055
"hemogram","CENTRE_ATNCONMPL","Baso.","ok",73,"Genotype","JAK2 V617F-CNTRL",-0.395798319327731,-1.48333150368594,0.69173486503048,0.923851031185027
"hemogram","CENTRE_ATNCONMPL","Baso.","ok",73,"Genotype","CALR Type I-CNTRL",0.39047619047619,-0.896969134929223,1.6779215158816,0.967637987747646
"hemogram","CENTRE_ATNCONMPL","Baso.","ok",73,"Genotype","CALR Type II-CNTRL",-0.842857142857142,-2.4127786160257,0.727064330311419,0.661993687635495
"hemogram","CENTRE_ATNCONMPL","Baso.","ok",73,"Genotype","CALR Type_Other-CNTRL",-0.476190476190476,-2.39331341980338,1.44093246742242,0.98826682664052
"hemogram","CENTRE_ATNCONMPL","Baso.","ok",73,"Genotype","MPL W515-CNTRL",-0.522857142857143,-2.0927786160257,1.04706433031142,0.949294007405369
"hemogram","CENTRE_ATNCONMPL","Baso.","ok",73,"Genotype","TN-CNTRL",-0.0378571428571426,-1.08790862458463,1.01219433887035,0.999999839389369
"hemogram","CENTRE_ATNCONMPL","Baso.","ok",73,"Genotype","CALR Type I-JAK2 V617F",0.786274509803921,-0.455924297227706,2.02847331683555,0.471644284573456
"hemogram","CENTRE_ATNCONMPL","Baso.","ok",73,"Genotype","CALR Type II-JAK2 V617F",-0.447058823529411,-1.98009367055615,1.08597602349733,0.973341712986132
"hemogram","CENTRE_ATNCONMPL","Baso.","ok",73,"Genotype","CALR Type_Other-JAK2 V617F",-0.0803921568627446,-1.96742760730069,1.8066432935752,0.999999564183717
"hemogram","CENTRE_ATNCONMPL","Baso.","ok",73,"Genotype","MPL W515-JAK2 V617F",-0.127058823529412,-1.66009367055615,1.40597602349733,0.999977131587405
"hemogram","CENTRE_ATNCONMPL","Baso.","ok",73,"Genotype","TN-JAK2 V617F",0.357941176470589,-0.636116429788046,1.35199878272922,0.927406150492884
"hemogram","CENTRE_ATNCONMPL","Baso.","ok",73,"Genotype","CALR Type II-CALR Type I",-1.23333333333333,-2.91410187213522,0.447435205468556,0.293268045240662
"hemogram","CENTRE_ATNCONMPL","Baso.","ok",73,"Genotype","CALR Type_Other-CALR Type I",-0.866666666666666,-2.87556930991185,1.14223597657852,0.843963334698307
"hemogram","CENTRE_ATNCONMPL","Baso.","ok",73,"Genotype","MPL W515-CALR Type I",-0.913333333333333,-2.59410187213522,0.767435205468555,0.649261469881417
"hemogram","CENTRE_ATNCONMPL","Baso.","ok",73,"Genotype","TN-CALR Type I",-0.428333333333333,-1.63785289224447,0.781186225577801,0.932668704332958
"hemogram","CENTRE_ATNCONMPL","Baso.","ok",73,"Genotype","CALR Type_Other-CALR Type II",0.366666666666666,-1.83397592040761,2.56730925374094,0.998679049103653
"hemogram","CENTRE_ATNCONMPL","Baso.","ok",73,"Genotype","MPL W515-CALR Type II",0.319999999999999,-1.58581238505623,2.22581238505623,0.998620287529278
"hemogram","CENTRE_ATNCONMPL","Baso.","ok",73,"Genotype","TN-CALR Type II",0.804999999999999,-0.701676982433887,2.31167698243389,0.667021034158969
"hemogram","CENTRE_ATNCONMPL","Baso.","ok",73,"Genotype","MPL W515-CALR Type_Other",-0.046666666666667,-2.24730925374095,2.15397592040761,0.999999993312147
"hemogram","CENTRE_ATNCONMPL","Baso.","ok",73,"Genotype","TN-CALR Type_Other",0.438333333333333,-1.4273521917237,2.30401885839036,0.991253826347485
"hemogram","CENTRE_ATNCONMPL","Baso.","ok",73,"Genotype","TN-MPL W515",0.485,-1.02167698243389,1.99167698243389,0.956839626793594
"hemogram","CENTRE_ATNCONMPL","Lymph..10.6.ml.","ok",73,"Genotype","JAK2 V617F-CNTRL",-0.0356722689075624,-0.690486857591275,0.61914231977615,0.999998108807435
"hemogram","CENTRE_ATNCONMPL","Lymph..10.6.ml.","ok",73,"Genotype","CALR Type I-CNTRL",-0.0376984126984121,-0.812882097512239,0.737485272115415,0.999999039127457
"hemogram","CENTRE_ATNCONMPL","Lymph..10.6.ml.","ok",73,"Genotype","CALR Type II-CNTRL",-0.0661428571428568,-1.0114082508837,0.879122536597988,0.999991612679163
"hemogram","CENTRE_ATNCONMPL","Lymph..10.6.ml.","ok",73,"Genotype","CALR Type_Other-CNTRL",0.301190476190476,-0.853128389508153,1.45550934188911,0.984838946970041
"hemogram","CENTRE_ATNCONMPL","Lymph..10.6.ml.","ok",73,"Genotype","MPL W515-CNTRL",-0.0881428571428566,-1.0334082508837,0.857122536597988,0.999954163480661
"hemogram","CENTRE_ATNCONMPL","Lymph..10.6.ml.","ok",73,"Genotype","TN-CNTRL",0.122857142857143,-0.509389338439772,0.755103624154059,0.996879151834974
"hemogram","CENTRE_ATNCONMPL","Lymph..10.6.ml.","ok",73,"Genotype","CALR Type I-JAK2 V617F",-0.00202614379084975,-0.749966448131846,0.745914160550147,1
"hemogram","CENTRE_ATNCONMPL","Lymph..10.6.ml.","ok",73,"Genotype","CALR Type II-JAK2 V617F",-0.0304705882352945,-0.953526176084798,0.892584999614209,0.999999905232398
"hemogram","CENTRE_ATNCONMPL","Lymph..10.6.ml.","ok",73,"Genotype","CALR Type_Other-JAK2 V617F",0.336862745098039,-0.79934014055396,1.47306563075004,0.971062117891779
"hemogram","CENTRE_ATNCONMPL","Lymph..10.6.ml.","ok",73,"Genotype","MPL W515-JAK2 V617F",-0.0524705882352943,-0.975526176084798,0.87058499961421,0.999997563033687
"hemogram","CENTRE_ATNCONMPL","Lymph..10.6.ml.","ok",73,"Genotype","TN-JAK2 V617F",0.158529411764706,-0.440002598046374,0.757061421575785,0.983621290089981
"hemogram","CENTRE_ATNCONMPL","Lymph..10.6.ml.","ok",73,"Genotype","CALR Type II-CALR Type I",-0.0284444444444447,-1.04045196314612,0.983563074257228,0.999999963820067
"hemogram","CENTRE_ATNCONMPL","Lymph..10.6.ml.","ok",73,"Genotype","CALR Type_Other-CALR Type I",0.338888888888889,-0.870691450324862,1.54846922810264,0.978189912334377
"hemogram","CENTRE_ATNCONMPL","Lymph..10.6.ml.","ok",73,"Genotype","MPL W515-CALR Type I",-0.0504444444444445,-1.06245196314612,0.961563074257229,0.999998886739916
"hemogram","CENTRE_ATNCONMPL","Lymph..10.6.ml.","ok",73,"Genotype","TN-CALR Type I",0.160555555555555,-0.567708247208947,0.888819358320058,0.993779948421251
"hemogram","CENTRE_ATNCONMPL","Lymph..10.6.ml.","ok",73,"Genotype","CALR Type_Other-CALR Type II",0.367333333333333,-0.957695540470911,1.69236220713758,0.979324744274502
"hemogram","CENTRE_ATNCONMPL","Lymph..10.6.ml.","ok",73,"Genotype","MPL W515-CALR Type II",-0.0219999999999998,-1.16950866546236,1.12550866546236,0.99999999634596
"hemogram","CENTRE_ATNCONMPL","Lymph..10.6.ml.","ok",73,"Genotype","TN-CALR Type II",0.189,-0.718185254410313,1.09618525441031,0.995424497919907
"hemogram","CENTRE_ATNCONMPL","Lymph..10.6.ml.","ok",73,"Genotype","MPL W515-CALR Type_Other",-0.389333333333333,-1.71436220713758,0.935695540470911,0.9723212106279
"hemogram","CENTRE_ATNCONMPL","Lymph..10.6.ml.","ok",73,"Genotype","TN-CALR Type_Other",-0.178333333333333,-1.30168121574699,0.945014549080321,0.998995594857057
"hemogram","CENTRE_ATNCONMPL","Lymph..10.6.ml.","ok",73,"Genotype","TN-MPL W515",0.211,-0.696185254410313,1.11818525441031,0.991711035476393
"hemogram","CENTRE_ATNCONMPL","Mono..10.6.ml.","ok",73,"Genotype","JAK2 V617F-CNTRL",0.109663865546218,-0.127116224766581,0.346443955859018,0.795360339168224
"hemogram","CENTRE_ATNCONMPL","Mono..10.6.ml.","ok",73,"Genotype","CALR Type I-CNTRL",0.219206349206349,-0.0610990472696049,0.499511745682303,0.224290708350739
"hemogram","CENTRE_ATNCONMPL","Mono..10.6.ml.","ok",73,"Genotype","CALR Type II-CNTRL",0.173428571428571,-0.168378146331699,0.515235289188842,0.718048946587134
"hemogram","CENTRE_ATNCONMPL","Mono..10.6.ml.","ok",73,"Genotype","CALR Type_Other-CNTRL",0.0614285714285715,-0.355971605649505,0.478828748506648,0.999347945504087
"hemogram","CENTRE_ATNCONMPL","Mono..10.6.ml.","ok",73,"Genotype","MPL W515-CNTRL",0.257428571428571,-0.0843781463316988,0.599235289188842,0.264166058060361
"hemogram","CENTRE_ATNCONMPL","Mono..10.6.ml.","ok",73,"Genotype","TN-CNTRL",0.168928571428571,-0.059690921063742,0.397548063920885,0.285390870427571
"hemogram","CENTRE_ATNCONMPL","Mono..10.6.ml.","ok",73,"Genotype","CALR Type I-JAK2 V617F",0.109542483660131,-0.160911742423072,0.379996709743333,0.879168870620454
"hemogram","CENTRE_ATNCONMPL","Mono..10.6.ml.","ok",73,"Genotype","CALR Type II-JAK2 V617F",0.0637647058823529,-0.270010975404902,0.397540387169608,0.997159551130274
"hemogram","CENTRE_ATNCONMPL","Mono..10.6.ml.","ok",73,"Genotype","CALR Type_Other-JAK2 V617F",-0.0482352941176469,-0.459084756740555,0.362614168505261,0.999823269533821
"hemogram","CENTRE_ATNCONMPL","Mono..10.6.ml.","ok",73,"Genotype","MPL W515-JAK2 V617F",0.147764705882353,-0.186010975404902,0.481540387169608,0.82741173608054
"hemogram","CENTRE_ATNCONMPL","Mono..10.6.ml.","ok",73,"Genotype","TN-JAK2 V617F",0.0592647058823531,-0.157163678254675,0.275693090019382,0.98057926107629
"hemogram","CENTRE_ATNCONMPL","Mono..10.6.ml.","ok",73,"Genotype","CALR Type II-CALR Type I",-0.0457777777777777,-0.411718359763126,0.320162804207571,0.999744438242901
"hemogram","CENTRE_ATNCONMPL","Mono..10.6.ml.","ok",73,"Genotype","CALR Type_Other-CALR Type I",-0.157777777777778,-0.595160430683144,0.279604875127589,0.926814519334489
"hemogram","CENTRE_ATNCONMPL","Mono..10.6.ml.","ok",73,"Genotype","MPL W515-CALR Type I",0.0382222222222224,-0.327718359763126,0.404162804207571,0.999910739638866
"hemogram","CENTRE_ATNCONMPL","Mono..10.6.ml.","ok",73,"Genotype","TN-CALR Type I",-0.0502777777777775,-0.31361700688193,0.213061451326375,0.997169145448039
"hemogram","CENTRE_ATNCONMPL","Mono..10.6.ml.","ok",73,"Genotype","CALR Type_Other-CALR Type II",-0.112,-0.591128690515443,0.367128690515444,0.991486447464654
"hemogram","CENTRE_ATNCONMPL","Mono..10.6.ml.","ok",73,"Genotype","MPL W515-CALR Type II",0.0840000000000001,-0.330937617668346,0.498937617668346,0.996089806171288
"hemogram","CENTRE_ATNCONMPL","Mono..10.6.ml.","ok",73,"Genotype","TN-CALR Type II",-0.00449999999999984,-0.332536989679025,0.323536989679025,0.999999999509078
"hemogram","CENTRE_ATNCONMPL","Mono..10.6.ml.","ok",73,"Genotype","MPL W515-CALR Type_Other",0.196,-0.283128690515444,0.675128690515443,0.874095893721675
"hemogram","CENTRE_ATNCONMPL","Mono..10.6.ml.","ok",73,"Genotype","TN-CALR Type_Other",0.1075,-0.298701110432305,0.513701110432305,0.983690045428753
"hemogram","CENTRE_ATNCONMPL","Mono..10.6.ml.","ok",73,"Genotype","TN-MPL W515",-0.0884999999999999,-0.416536989679025,0.239536989679025,0.981998764486756
"hemogram","CENTRE_ATNCONMPL","Eos..10.6.ml.","ok",73,"Genotype","JAK2 V617F-CNTRL",0.0784453781512607,-0.0896002267123413,0.246490983014863,0.789347136511398
"hemogram","CENTRE_ATNCONMPL","Eos..10.6.ml.","ok",73,"Genotype","CALR Type I-CNTRL",-0.0288095238095236,-0.227745548519652,0.170126500900605,0.999405418683278
"hemogram","CENTRE_ATNCONMPL","Eos..10.6.ml.","ok",73,"Genotype","CALR Type II-CNTRL",-0.0561428571428569,-0.298727090287573,0.186441376001859,0.991927494285819
"hemogram","CENTRE_ATNCONMPL","Eos..10.6.ml.","ok",73,"Genotype","CALR Type_Other-CNTRL",0.301190476190476,0.00495667910644676,0.597424273274506,0.0437898643733737
"hemogram","CENTRE_ATNCONMPL","Eos..10.6.ml.","ok",73,"Genotype","MPL W515-CNTRL",0.0538571428571429,-0.188727090287573,0.296441376001859,0.993540380387191
"hemogram","CENTRE_ATNCONMPL","Eos..10.6.ml.","ok",73,"Genotype","TN-CNTRL",0.075357142857143,-0.0868967901011881,0.237611075815474,0.793246891015547
"hemogram","CENTRE_ATNCONMPL","Eos..10.6.ml.","ok",73,"Genotype","CALR Type I-JAK2 V617F",-0.107254901960784,-0.299199435599694,0.0846896316781249,0.618922500803079
"hemogram","CENTRE_ATNCONMPL","Eos..10.6.ml.","ok",73,"Genotype","CALR Type II-JAK2 V617F",-0.134588235294118,-0.371472747740161,0.102296277151926,0.600259462213299
"hemogram","CENTRE_ATNCONMPL","Eos..10.6.ml.","ok",73,"Genotype","CALR Type_Other-JAK2 V617F",0.222745098039216,-0.0688395802297422,0.514329776308174,0.248791449911122
"hemogram","CENTRE_ATNCONMPL","Eos..10.6.ml.","ok",73,"Genotype","MPL W515-JAK2 V617F",-0.0245882352941177,-0.261472747740161,0.212296277151926,0.999913950408207
"hemogram","CENTRE_ATNCONMPL","Eos..10.6.ml.","ok",73,"Genotype","TN-JAK2 V617F",-0.00308823529411772,-0.156689995788053,0.150513525199817,0.999999995140901
"hemogram","CENTRE_ATNCONMPL","Eos..10.6.ml.","ok",73,"Genotype","CALR Type II-CALR Type I",-0.0273333333333332,-0.287045652737505,0.232378986070839,0.999906682850479
"hemogram","CENTRE_ATNCONMPL","Eos..10.6.ml.","ok",73,"Genotype","CALR Type_Other-CALR Type I",0.33,0.0195844056515418,0.640415594348458,0.0299801326987318
"hemogram","CENTRE_ATNCONMPL","Eos..10.6.ml.","ok",73,"Genotype","MPL W515-CALR Type I",0.0826666666666666,-0.177045652737505,0.342378986070838,0.959100391918555
"hemogram","CENTRE_ATNCONMPL","Eos..10.6.ml.","ok",73,"Genotype","TN-CALR Type I",0.104166666666667,-0.0827282702372825,0.291061603570616,0.621752459048131
"hemogram","CENTRE_ATNCONMPL","Eos..10.6.ml.","ok",73,"Genotype","CALR Type_Other-CALR Type II",0.357333333333333,0.0172900868812859,0.697376579785381,0.0331882481074479
"hemogram","CENTRE_ATNCONMPL","Eos..10.6.ml.","ok",73,"Genotype","MPL W515-CALR Type II",0.11,-0.184486089812806,0.404486089812805,0.914543495028001
"hemogram","CENTRE_ATNCONMPL","Eos..10.6.ml.","ok",73,"Genotype","TN-CALR Type II",0.1315,-0.101311695761344,0.364311695761343,0.606886957037618
"hemogram","CENTRE_ATNCONMPL","Eos..10.6.ml.","ok",73,"Genotype","MPL W515-CALR Type_Other",-0.247333333333333,-0.587376579785381,0.0927099131187139,0.303356318651617
"hemogram","CENTRE_ATNCONMPL","Eos..10.6.ml.","ok",73,"Genotype","TN-CALR Type_Other",-0.225833333333333,-0.514119021579705,0.0624523549130386,0.222546706117508
"hemogram","CENTRE_ATNCONMPL","Eos..10.6.ml.","ok",73,"Genotype","TN-MPL W515",0.0215,-0.211311695761344,0.254311695761344,0.999956700883843
"hemogram","CENTRE_ATNCONMPL","Baso..10.6.ml.","ok",73,"Genotype","JAK2 V617F-CNTRL",-0.0183193277310924,-0.100183542892482,0.063544887430297,0.993259445160945
"hemogram","CENTRE_ATNCONMPL","Baso..10.6.ml.","ok",73,"Genotype","CALR Type I-CNTRL",0.0361904761904762,-0.0607221538270723,0.133103106208025,0.914642067117181
"hemogram","CENTRE_ATNCONMPL","Baso..10.6.ml.","ok",73,"Genotype","CALR Type II-CNTRL",-0.0551428571428571,-0.173318919367386,0.0630332050816723,0.789667380499036
"hemogram","CENTRE_ATNCONMPL","Baso..10.6.ml.","ok",73,"Genotype","CALR Type_Other-CNTRL",-0.0238095238095238,-0.168121226113468,0.12050217849442,0.998750496309997
"hemogram","CENTRE_ATNCONMPL","Baso..10.6.ml.","ok",73,"Genotype","MPL W515-CNTRL",-0.0331428571428571,-0.151318919367386,0.0850332050816722,0.978078631389952
"hemogram","CENTRE_ATNCONMPL","Baso..10.6.ml.","ok",73,"Genotype","TN-CNTRL",0.0093571428571429,-0.0696856318066976,0.0883999175209833,0.999814534260313
"hemogram","CENTRE_ATNCONMPL","Baso..10.6.ml.","ok",73,"Genotype","CALR Type I-JAK2 V617F",0.0545098039215686,-0.0389968879887752,0.148016495831912,0.570704084279427
"hemogram","CENTRE_ATNCONMPL","Baso..10.6.ml.","ok",73,"Genotype","CALR Type II-JAK2 V617F",-0.0368235294117646,-0.152222945606101,0.0785758867825712,0.958608072132784
"hemogram","CENTRE_ATNCONMPL","Baso..10.6.ml.","ok",73,"Genotype","CALR Type_Other-JAK2 V617F",-0.00549019607843135,-0.147537058053485,0.136556665896622,0.999999756475804
"hemogram","CENTRE_ATNCONMPL","Baso..10.6.ml.","ok",73,"Genotype","MPL W515-JAK2 V617F",-0.0148235294117647,-0.130222945606101,0.100575886782571,0.999702042404703
"hemogram","CENTRE_ATNCONMPL","Baso..10.6.ml.","ok",73,"Genotype","TN-JAK2 V617F",0.0276764705882353,-0.0471513571341861,0.102504298310657,0.918179018705485
"hemogram","CENTRE_ATNCONMPL","Baso..10.6.ml.","ok",73,"Genotype","CALR Type II-CALR Type I",-0.0913333333333332,-0.217853424192143,0.0351867575254768,0.312093612661745
"hemogram","CENTRE_ATNCONMPL","Baso..10.6.ml.","ok",73,"Genotype","CALR Type_Other-CALR Type I",-0.06,-0.211220432250037,0.0912204322500366,0.889156432305533
"hemogram","CENTRE_ATNCONMPL","Baso..10.6.ml.","ok",73,"Genotype","MPL W515-CALR Type I",-0.0693333333333333,-0.195853424192143,0.0571867575254767,0.640228774838181
"hemogram","CENTRE_ATNCONMPL","Baso..10.6.ml.","ok",73,"Genotype","TN-CALR Type I",-0.0268333333333333,-0.117880090192567,0.0642134235259001,0.97190286874075
"hemogram","CENTRE_ATNCONMPL","Baso..10.6.ml.","ok",73,"Genotype","CALR Type_Other-CALR Type II",0.0313333333333333,-0.13432035046472,0.196987017131387,0.997312007915239
"hemogram","CENTRE_ATNCONMPL","Baso..10.6.ml.","ok",73,"Genotype","MPL W515-CALR Type II",0.0219999999999999,-0.121460298399589,0.165460298399589,0.999175118741887
"hemogram","CENTRE_ATNCONMPL","Baso..10.6.ml.","ok",73,"Genotype","TN-CALR Type II",0.0645,-0.0489153241875275,0.177915324187527,0.599169442221713
"hemogram","CENTRE_ATNCONMPL","Baso..10.6.ml.","ok",73,"Genotype","MPL W515-CALR Type_Other",-0.00933333333333333,-0.174987017131387,0.15632035046472,0.999997688495545
"hemogram","CENTRE_ATNCONMPL","Baso..10.6.ml.","ok",73,"Genotype","TN-CALR Type_Other",0.0331666666666667,-0.10727307663817,0.173606409971503,0.991010144428999
"hemogram","CENTRE_ATNCONMPL","Baso..10.6.ml.","ok",73,"Genotype","TN-MPL W515",0.0425,-0.0709153241875274,0.155915324187527,0.913334192272635
